id,first_name,last_name,email,gender,credit card type,credit card number
1,Darren,Pleming,dpleming0@nsw.gov.au,Male,jcb,3563563549309144
2,Maxi,Pic,mpic1@so-net.ne.jp,Female,diners-club-enroute,201564853894063
3,Hercules,Sandys,hsandys2@ucoz.com,Male,diners-club-international,36750090560804
4,Gearard,Wildey,gwildey3@nyu.edu,Male,jcb,3587866271917683
5,Stafford,Villaron,svillaron4@ask.com,Male,mastercard,5177002314250954
6,Karmen,Yorke,kyorke5@bigcartel.com,Female,mastercard,5467012113732382
7,Torry,St. John,tstjohn6@themeforest.net,Male,instapayment,6381269681265622
8,Thane,McFee,tmcfee7@w3.org,Male,jcb,3556977997837761
9,Tallie,Notton,tnotton8@about.com,Female,jcb,3587988425542330
10,Stirling,Eckh,seckh9@xinhuanet.com,Male,jcb,3551115049011474
11,Quinton,Kiehnlt,qkiehnlta@si.edu,Male,china-unionpay,56022161678910916
12,Chandal,Cordeau],ccordeaub@marketwatch.com,Female,jcb,3540756686095322
13,Horst,Keat,hkeatc@upenn.edu,Male,maestro,0604556170741939
14,Sheryl,Casero,scaserod@reuters.com,Female,americanexpress,374622774617426
15,Heather,Kilbee,hkilbeee@taobao.com,Female,jcb,3546964028418053
16,Lisbeth,Pantry,lpantryf@addthis.com,Female,jcb,3584658038240795
17,Mitch,Leader,mleaderg@bigcartel.com,Male,jcb,3531878395682389
18,Jerrie,Ghidoli,jghidolih@techcrunch.com,Female,jcb,3563160911170459
19,Lisle,Steed,lsteedi@ocn.ne.jp,Male,diners-club-carte-blanche,30193265818515
20,Flore,Genese,fgenesej@twitpic.com,Female,instapayment,6385426716613640
21,Darby,Mangeot,dmangeotk@hexun.com,Male,mastercard,5108751897857932
22,Law,Yard,lyardl@homestead.com,Male,jcb,3557705941263175
23,Jecho,Giacobazzi,jgiacobazzim@joomla.org,Male,china-unionpay,56022474138879245
24,Candice,Barnett,cbarnettn@mysql.com,Female,diners-club-enroute,201847923182571
25,Marnie,Marron,mmarrono@princeton.edu,Female,diners-club-carte-blanche,30584737339314
26,Samuele,Rosario,srosariop@lycos.com,Male,diners-club-enroute,201990165562231
27,Lida,Whitebread,lwhitebreadq@twitter.com,Female,diners-club-carte-blanche,30544674720280
28,Estella,Marcum,emarcumr@admin.ch,Female,jcb,3543214106547420
29,Demetre,Brockherst,dbrockhersts@usgs.gov,Male,china-unionpay,5610330878196124979
30,Winifred,Riggoll,wriggollt@nyu.edu,Female,maestro,5038654987326906
31,Teodora,Timmis,ttimmisu@about.me,Female,jcb,3559770181123735
32,Orion,Greaser,ogreaserv@java.com,Male,diners-club-us-ca,5524799604891591
33,Conny,Whibley,cwhibleyw@omniture.com,Male,bankcard,5602220560670585
34,Franky,Bumpas,fbumpasx@xrea.com,Female,jcb,3575128336621667
35,Davey,Dominey,ddomineyy@yolasite.com,Male,maestro,503813729485632859
36,Leighton,Pendrick,lpendrickz@mapy.cz,Male,switch,4911544317713755
37,Bunny,Trase,btrase10@thetimes.co.uk,Female,diners-club-carte-blanche,30509776508883
38,Cullie,Musico,cmusico11@google.com.au,Male,mastercard,5002354789182712
39,Jefferson,Teasdale-Markie,jteasdalemarkie12@hatena.ne.jp,Male,laser,670939139784453187
40,Filippo,Dreschler,fdreschler13@angelfire.com,Male,jcb,3547480324937935
41,Johnathan,Joanaud,jjoanaud14@a8.net,Male,jcb,3560037458175294
42,Noelani,Eliasson,neliasson15@google.pl,Female,jcb,3540784263041196
43,Jeffy,Chittem,jchittem16@ifeng.com,Male,maestro,5893955358460297
44,Elias,McGinn,emcginn17@samsung.com,Male,mastercard,5100143530325147
45,Adelice,Ducker,aducker18@skype.com,Female,maestro,675907958238676045
46,Urbanus,Gaul,ugaul19@nytimes.com,Male,laser,630442990480456989
47,Christos,Hew,chew1a@blinklist.com,Male,visa,4017953469020
48,Oates,Farfull,ofarfull1b@globo.com,Male,diners-club-carte-blanche,30462000201570
49,Shurlock,MacInherney,smacinherney1c@bloglovin.com,Male,diners-club-us-ca,5572222645068856
50,Ludvig,Kornyshev,lkornyshev1d@upenn.edu,Male,switch,6331105308913601
51,Nilson,Lebrun,nlebrun1e@earthlink.net,Male,americanexpress,374622870934618
52,Hall,Rimell,hrimell1f@reuters.com,Male,jcb,3546371867385569
53,Noemi,Mumbey,nmumbey1g@apache.org,Female,jcb,3546653150044429
54,Christan,Wadman,cwadman1h@ezinearticles.com,Female,switch,6333664188878506
55,Cassandra,Mottram,cmottram1i@ucla.edu,Female,diners-club-carte-blanche,30015037262096
56,Roarke,Jeannon,rjeannon1j@wired.com,Male,laser,6771243122855575600
57,Ronnie,Barthrup,rbarthrup1k@engadget.com,Male,diners-club-carte-blanche,30141714047061
58,Corty,Kerin,ckerin1l@va.gov,Male,diners-club-international,36630998596508
59,Pavel,Ellerton,pellerton1m@nbcnews.com,Male,jcb,3550531446818801
60,Michaeline,Padula,mpadula1n@apache.org,Female,jcb,3533680436269483
61,Noel,Koche,nkoche1o@godaddy.com,Male,maestro,50188014758424592
62,Francklyn,Fanshaw,ffanshaw1p@google.nl,Male,jcb,3539026080706509
63,Major,Samme,msamme1q@arstechnica.com,Male,jcb,3578516282711952
64,Griffith,Eles,geles1r@usatoday.com,Male,jcb,3564381592737098
65,Klara,Wenderoth,kwenderoth1s@earthlink.net,Female,solo,633402860047742415
66,Errick,Fidgett,efidgett1t@google.com,Male,jcb,3579418509299847
67,Janean,Free,jfree1u@auda.org.au,Female,jcb,3545460532894542
68,Cristine,Ocklin,cocklin1v@apache.org,Female,americanexpress,374698387001182
69,Brunhilde,Westman,bwestman1w@amazonaws.com,Female,diners-club-enroute,201754633282966
70,Michel,Colvie,mcolvie1x@eepurl.com,Female,maestro,6759720626940522846
71,Odie,Hatherleigh,ohatherleigh1y@elpais.com,Male,switch,4903320878083711344
72,Haily,Yuryshev,hyuryshev1z@jalbum.net,Female,jcb,3580603041048318
73,Sidoney,Douce,sdouce20@eventbrite.com,Female,visa-electron,4175008438995486
74,Alon,Wolverson,awolverson21@about.com,Male,visa-electron,4917248081646175
75,Dierdre,Kett,dkett22@cloudflare.com,Female,mastercard,5329939889028629
76,Trista,Ible,tible23@eventbrite.com,Female,bankcard,5602210887140453
77,Cathlene,Konrad,ckonrad24@newyorker.com,Female,jcb,3538524104168327
78,Bord,Thalmann,bthalmann25@cnn.com,Male,jcb,3556871418639080
79,Nate,Ashard,nashard26@e-recht24.de,Male,mastercard,5010121697902659
80,Sascha,Zoephel,szoephel27@vinaora.com,Female,jcb,3533402856789449
81,Candie,McGavigan,cmcgavigan28@patch.com,Female,jcb,3572824093503691
82,Thedrick,Gwilt,tgwilt29@naver.com,Male,mastercard,5161627678014543
83,Ari,Huitt,ahuitt2a@eventbrite.com,Male,jcb,3540339570648546
84,Meggi,Wehner,mwehner2b@dailymotion.com,Female,diners-club-carte-blanche,30041605549607
85,Konstantine,Dodgshon,kdodgshon2c@canalblog.com,Male,jcb,3570076894004757
86,Randi,Welchman,rwelchman2d@howstuffworks.com,Female,jcb,3538873748142093
87,Frederik,Royston,froyston2e@booking.com,Male,diners-club-enroute,201928906177703
88,Jayson,Southorn,jsouthorn2f@devhub.com,Male,visa-electron,4508202003583623
89,Marie,Creffield,mcreffield2g@europa.eu,Female,china-unionpay,560221857437099616
90,Bill,Life,blife2h@posterous.com,Male,jcb,3565884315637320
91,Thomasine,Janjusevic,tjanjusevic2i@digg.com,Female,mastercard,5100137309160800
92,Lora,Freschini,lfreschini2j@biblegateway.com,Female,maestro,6762702388424520392
93,Shea,Girard,sgirard2k@telegraph.co.uk,Male,switch,493665397719269238
94,Wade,Dollman,wdollman2l@mashable.com,Male,jcb,3573259031387817
95,Maiga,Landman,mlandman2m@tuttocitta.it,Female,jcb,3564106950785656
96,Brandea,Wiffield,bwiffield2n@hud.gov,Female,switch,4936456930523449
97,Othella,Lawlan,olawlan2o@java.com,Female,maestro,50388728050732034
98,Analise,Alfonsetti,aalfonsetti2p@wired.com,Female,jcb,3562954352324620
99,Anderson,Derington,aderington2q@guardian.co.uk,Male,instapayment,6399836311938909
100,Yvon,Mealing,ymealing2r@domainmarket.com,Male,mastercard,5100179179601414
101,Raphaela,Mulder,rmulder2s@fema.gov,Female,bankcard,5602237353726176
102,Lisle,Odeson,lodeson2t@xinhuanet.com,Male,jcb,3571547778766306
103,Deedee,Veldman,dveldman2u@amazonaws.com,Female,jcb,3560112498496545
104,Jarad,Bezley,jbezley2v@loc.gov,Male,jcb,3588089271420223
105,Brit,Szepe,bszepe2w@cdbaby.com,Male,maestro,060436419726079775
106,Erastus,McCumesky,emccumesky2x@msn.com,Male,china-unionpay,5602252071349316384
107,Rahal,Dallemore,rdallemore2y@rambler.ru,Female,jcb,3572718714743506
108,Smith,Manilo,smanilo2z@state.tx.us,Male,mastercard,5048378030278843
109,Bob,Bushe,bbushe30@patch.com,Male,jcb,3541850812001350
110,Dav,Dudding,ddudding31@timesonline.co.uk,Male,jcb,3578171659717933
111,Lethia,Darlaston,ldarlaston32@amazon.com,Female,laser,6304018621528694295
112,Quinta,Burwell,qburwell33@booking.com,Female,jcb,3575201947409465
113,Sanson,Aujouanet,saujouanet34@amazon.co.jp,Male,china-unionpay,5610251283506707
114,Marinna,Mateja,mmateja35@hatena.ne.jp,Female,visa-electron,4175009536465778
115,Maddy,Persich,mpersich36@rediff.com,Female,jcb,3587162610897871
116,Mata,Landes,mlandes37@adobe.com,Male,mastercard,5007661365141713
117,Ailina,Dumbrall,adumbrall38@hubpages.com,Female,visa-electron,4026807703244434
118,Renie,Verrall,rverrall39@paginegialle.it,Female,jcb,3542067119482030
119,Lon,De La Haye,ldelahaye3a@wired.com,Male,mastercard,5007667466778980
120,Bennett,Collimore,bcollimore3b@free.fr,Male,switch,491182788956895743
121,Beret,McKeevers,bmckeevers3c@accuweather.com,Female,jcb,3563780534917414
122,Vanna,Skones,vskones3d@domainmarket.com,Female,jcb,3534600364623278
123,Britni,Murrhardt,bmurrhardt3e@privacy.gov.au,Female,jcb,3558406061843479
124,Demetria,Kindleside,dkindleside3f@yellowpages.com,Female,jcb,3530523628001459
125,Jorge,Edel,jedel3g@nbcnews.com,Male,jcb,3547903169762720
126,Adelaide,Hansen,ahansen3h@dagondesign.com,Female,mastercard,5100133926673143
127,Madlen,Kemmett,mkemmett3i@java.com,Female,jcb,3571352371301258
128,Randell,Petera,rpetera3j@sciencedirect.com,Male,jcb,3530261386554027
129,Rollins,Musker,rmusker3k@craigslist.org,Male,switch,4911934089361869074
130,Lloyd,Aspin,laspin3l@nytimes.com,Male,jcb,3543995445757882
131,Sande,Munehay,smunehay3m@odnoklassniki.ru,Female,mastercard,5545730496240972
132,Gussie,Trunby,gtrunby3n@ifeng.com,Female,jcb,3548858733780757
133,Carmita,Woodroof,cwoodroof3o@naver.com,Female,jcb,3561057159721930
134,Murry,Worral,mworral3p@cnn.com,Male,jcb,3589969925373911
135,Crosby,Llewelyn,cllewelyn3q@nymag.com,Male,jcb,3533434004344967
136,Floris,Roman,froman3r@mediafire.com,Female,visa-electron,4175002270798033
137,Nevile,Sisson,nsisson3s@thetimes.co.uk,Male,jcb,3541798224380245
138,Fanchon,Payze,fpayze3t@stanford.edu,Female,jcb,3534552592220437
139,Justin,Peasby,jpeasby3u@abc.net.au,Male,mastercard,5010123199163442
140,Winni,Hiom,whiom3v@cam.ac.uk,Female,visa,4017950501700
141,Gus,Dimond,gdimond3w@rediff.com,Male,diners-club-us-ca,5407817205631133
142,Vincenz,Hayball,vhayball3x@hud.gov,Male,jcb,3564469794033257
143,Shawna,Bramble,sbramble3y@gizmodo.com,Female,switch,4903801619796114
144,Ashly,Watson-Brown,awatsonbrown3z@vinaora.com,Female,solo,6334074856288898
145,Alvin,Irdale,airdale40@skype.com,Male,jcb,3578165805801955
146,Payton,Darmody,pdarmody41@time.com,Male,mastercard,5100140550346946
147,Ferdy,Itzakovitz,fitzakovitz42@howstuffworks.com,Male,instapayment,6370570174779620
148,Wat,Benge,wbenge43@yelp.com,Male,jcb,3580323299753259
149,Mitchael,Andrzej,mandrzej44@elegantthemes.com,Male,bankcard,5602210712127535
150,Travis,Awdry,tawdry45@dropbox.com,Male,jcb,3571938623864174
151,Lucais,Gammidge,lgammidge46@unc.edu,Male,mastercard,5184422922561272
152,Miller,Britcher,mbritcher47@un.org,Male,americanexpress,374622842806753
153,Arlee,Kirman,akirman48@creativecommons.org,Female,jcb,3561068136033042
154,Merry,Buckmaster,mbuckmaster49@nps.gov,Male,maestro,5038014272257599
155,Sisile,Allwright,sallwright4a@studiopress.com,Female,visa-electron,4175004637854954
156,Elisabeth,Benit,ebenit4b@instagram.com,Female,jcb,3529198296651464
157,Agustin,Josebury,ajosebury4c@deviantart.com,Male,jcb,3571519449585688
158,Dodie,Smeath,dsmeath4d@discovery.com,Female,jcb,3533186780958242
159,Gris,Handasyde,ghandasyde4e@barnesandnoble.com,Male,diners-club-enroute,201517652329624
160,Celestyna,Van der Kruys,cvanderkruys4f@usa.gov,Female,jcb,3570334068140182
161,Bee,Madders,bmadders4g@fda.gov,Female,jcb,3554330980044213
162,Woodman,Gostage,wgostage4h@facebook.com,Male,jcb,3557194697598136
163,Vina,Kindleside,vkindleside4i@unblog.fr,Female,jcb,3579564499720837
164,Clo,Poulglais,cpoulglais4j@google.co.jp,Female,jcb,3554972777596523
165,Kendall,Benbrick,kbenbrick4k@discovery.com,Male,diners-club-enroute,201997043341860
166,Myrvyn,Pearlman,mpearlman4l@yahoo.co.jp,Male,jcb,3585004019942225
167,Husain,Begg,hbegg4m@e-recht24.de,Male,americanexpress,337941537197633
168,Drucy,Landa,dlanda4n@huffingtonpost.com,Female,visa-electron,4844461767620756
169,Alexander,Shillabeare,ashillabeare4o@skype.com,Male,jcb,3531097441428958
170,Ruthy,Figliovanni,rfigliovanni4p@youtu.be,Female,jcb,3551340630095443
171,Merrielle,Toward,mtoward4q@wunderground.com,Female,visa,4041377055769
172,Gussi,Woodall,gwoodall4r@icio.us,Female,jcb,3580716219262626
173,Ally,Shelly,ashelly4s@google.es,Female,americanexpress,374622905664446
174,Collin,Jakubovsky,cjakubovsky4t@hibu.com,Male,jcb,3553263738959823
175,Cecilio,Jirick,cjirick4u@sciencedirect.com,Male,bankcard,5602234392905242
176,Maisie,Milnes,mmilnes4v@indiegogo.com,Female,maestro,6304560734121063354
177,Jody,Wells,jwells4w@nih.gov,Male,diners-club-enroute,201804456464223
178,Keri,Bewsy,kbewsy4x@java.com,Female,diners-club-us-ca,5498154689985789
179,Christiane,Pitcock,cpitcock4y@soup.io,Female,jcb,3583363850001133
180,Darwin,Tayler,dtayler4z@amazon.com,Male,jcb,3572783864997989
181,Stanley,Holbarrow,sholbarrow50@apache.org,Male,americanexpress,372301410596094
182,Saundra,Johnsson,sjohnsson51@ovh.net,Female,mastercard,5002351330711148
183,Jeramey,Serrels,jserrels52@goodreads.com,Male,switch,4905341378975516
184,Chester,Kalinsky,ckalinsky53@moonfruit.com,Male,visa-electron,4405794346677421
185,Cortie,Ibbetson,cibbetson54@army.mil,Male,jcb,3559995347848285
186,Derwin,Passingham,dpassingham55@51.la,Male,jcb,3536726073989250
187,Vasily,Treweela,vtreweela56@nps.gov,Male,diners-club-enroute,201662863912410
188,Thaxter,Saiens,tsaiens57@4shared.com,Male,instapayment,6383228788358977
189,Dyna,Banbury,dbanbury58@wix.com,Female,switch,4905186383644182653
190,Trevor,Coumbe,tcoumbe59@huffingtonpost.com,Male,visa-electron,4508685710436889
191,Garry,Entwisle,gentwisle5a@list-manage.com,Male,jcb,3580773990406997
192,Shela,Waller-Bridge,swallerbridge5b@rediff.com,Female,laser,67060389467682517
193,Koren,Chismon,kchismon5c@latimes.com,Female,jcb,3575815668805278
194,Theresina,Stiell,tstiell5d@blog.com,Female,jcb,3584426101228141
195,Kizzie,Fearnehough,kfearnehough5e@hud.gov,Female,jcb,3554628572012575
196,Zebadiah,Bampfield,zbampfield5f@mashable.com,Male,diners-club-us-ca,5503580913574531
197,Cahra,Bricket,cbricket5g@chron.com,Female,jcb,3541578804359763
198,Gerick,Craydon,gcraydon5h@fc2.com,Male,diners-club-enroute,201516444984886
199,Amalie,Arnholdt,aarnholdt5i@china.com.cn,Female,jcb,3585429407148871
200,Gerald,Franscioni,gfranscioni5j@godaddy.com,Male,laser,67717223518651014
201,Johna,Eke,jeke5k@github.com,Female,jcb,3583164974250741
202,Ian,Forryan,iforryan5l@sitemeter.com,Male,maestro,5038687778080384494
203,Von,Kubat,vkubat5m@360.cn,Male,jcb,3543962522329233
204,Nickolai,Voss,nvoss5n@psu.edu,Male,jcb,3569887271612548
205,Rubin,Tampling,rtampling5o@hp.com,Male,jcb,3549299903614402
206,Rosabelle,Zannutti,rzannutti5p@mtv.com,Female,diners-club-carte-blanche,30163608539250
207,Richie,Machon,rmachon5q@flavors.me,Male,jcb,3540868968028671
208,Elonore,Patise,epatise5r@apache.org,Female,jcb,3555123440213117
209,Sharla,Heads,sheads5s@yahoo.co.jp,Female,diners-club-us-ca,5488936129093758
210,Corey,Orsi,corsi5t@storify.com,Male,mastercard,5048372784215788
211,Inessa,Vicent,ivicent5u@auda.org.au,Female,jcb,3529493652722722
212,Norine,Trunchion,ntrunchion5v@pagesperso-orange.fr,Female,mastercard,5100170779258085
213,Ida,Cottam,icottam5w@chronoengine.com,Female,jcb,3569874498546394
214,Jacinthe,Jeffries,jjeffries5x@gnu.org,Female,maestro,6761889492390127
215,Hewett,Pledger,hpledger5y@addthis.com,Male,diners-club-us-ca,5577724580262308
216,Verne,Pirkis,vpirkis5z@ibm.com,Male,china-unionpay,5602228833937718755
217,Shae,Hacun,shacun60@soundcloud.com,Male,mastercard,5476936761405652
218,Saloma,Guillotin,sguillotin61@over-blog.com,Female,jcb,3536237168461858
219,Caro,Lillee,clillee62@yellowbook.com,Female,laser,6771856157596924
220,Stephanie,Jennery,sjennery63@mail.ru,Female,bankcard,5602247334193974
221,Sherye,Letteresse,sletteresse64@illinois.edu,Female,jcb,3539539321722549
222,Margette,Vivash,mvivash65@wikimedia.org,Female,jcb,3563036774867953
223,Saxe,Faherty,sfaherty66@telegraph.co.uk,Male,mastercard,5100137310019128
224,Alanah,Jermin,ajermin67@merriam-webster.com,Female,jcb,3535415909687400
225,Berkie,Fairholme,bfairholme68@dropbox.com,Male,diners-club-carte-blanche,30579791630038
226,Joyce,Bowes,jbowes69@icq.com,Female,bankcard,5602234034863569
227,Corilla,Takos,ctakos6a@infoseek.co.jp,Female,jcb,3543876389418550
228,Ericka,Kelleher,ekelleher6b@senate.gov,Female,jcb,3533552368321691
229,Mommy,Lewsam,mlewsam6c@vimeo.com,Female,jcb,3540917939039547
230,Reese,Lippiett,rlippiett6d@soup.io,Male,jcb,3581608574373453
231,Leeann,Gurery,lgurery6e@marriott.com,Female,bankcard,5610898727264903
232,Babbie,Spybey,bspybey6f@quantcast.com,Female,jcb,3567028168510188
233,Tadeas,Buckoke,tbuckoke6g@shop-pro.jp,Male,americanexpress,374283934855776
234,Mickie,Lared,mlared6h@unicef.org,Male,visa,4817315215191153
235,Keene,Abbots,kabbots6i@mlb.com,Male,jcb,3574977593406647
236,Pen,Jestico,pjestico6j@go.com,Male,maestro,6759468006789197891
237,Shaine,Farmar,sfarmar6k@com.com,Male,bankcard,5602239480967574
238,Shayne,Safont,ssafont6l@ifeng.com,Male,jcb,3588141440301907
239,Kaila,Clemow,kclemow6m@behance.net,Female,jcb,3554480388486183
240,Rice,Menichillo,rmenichillo6n@irs.gov,Male,jcb,3551278055398365
241,Allsun,Sisselot,asisselot6o@whitehouse.gov,Female,jcb,3548176934087009
242,Willey,Keymer,wkeymer6p@google.co.jp,Male,laser,670664293562302677
243,Sonya,Dachey,sdachey6q@ycombinator.com,Female,jcb,3541547269096103
244,Ardisj,Brolechan,abrolechan6r@moonfruit.com,Female,china-unionpay,560224041518086845
245,Melvyn,Gurko,mgurko6s@cloudflare.com,Male,jcb,3578035083302176
246,Scarlet,MacAscaidh,smacascaidh6t@lulu.com,Female,mastercard,5423905753189776
247,Michal,Baythorp,mbaythorp6u@archive.org,Female,jcb,3534432984052617
248,Tammie,Jakov,tjakov6v@360.cn,Male,maestro,6761326510040103
249,Adams,Labrone,alabrone6w@hubpages.com,Male,jcb,3539329516512297
250,Flor,Steutly,fsteutly6x@indiegogo.com,Female,diners-club-enroute,201593885130873
251,Shirlee,Ingry,singry6y@multiply.com,Female,switch,5641822174877135
252,Elinor,Masey,emasey6z@walmart.com,Female,jcb,3535032315005919
253,Gillan,Prettyman,gprettyman70@github.io,Female,americanexpress,374283933484669
254,Nichols,Gossop,ngossop71@zimbio.com,Male,bankcard,5602250798831907
255,Nerta,Harriss,nharriss72@wired.com,Female,mastercard,5002358747772753
256,Corny,Cleugh,ccleugh73@hibu.com,Female,visa-electron,4844261736899741
257,Roma,Delwater,rdelwater74@washington.edu,Male,bankcard,5602245770154617
258,Charlotte,Portch,cportch75@bigcartel.com,Female,jcb,3545257013907904
259,Coop,O'Hoolahan,cohoolahan76@addtoany.com,Male,jcb,3569074095737799
260,Dun,Haydn,dhaydn77@desdev.cn,Male,jcb,3535136900057191
261,Clarette,Gutsell,cgutsell78@instagram.com,Female,jcb,3537027285701271
262,Janette,Horbath,jhorbath79@bbb.org,Female,jcb,3556383790009262
263,Frazier,Ewbanks,fewbanks7a@naver.com,Male,jcb,3571120456852531
264,Billye,Tumilty,btumilty7b@stanford.edu,Female,maestro,589368969046372136
265,Kelwin,Labro,klabro7c@canalblog.com,Male,jcb,3572500388835499
266,Honor,Trevna,htrevna7d@nasa.gov,Female,jcb,3573375140557825
267,Tabb,Iglesia,tiglesia7e@sourceforge.net,Male,jcb,3560450723662840
268,Moishe,Rowth,mrowth7f@jigsy.com,Male,jcb,3563981286343524
269,Katina,Dungay,kdungay7g@php.net,Female,china-unionpay,56022540621935940
270,Harrie,MacSherry,hmacsherry7h@newyorker.com,Female,maestro,63047661705379636
271,Nev,Hursey,nhursey7i@1688.com,Male,jcb,3584556842867508
272,Tore,Ciccetti,tciccetti7j@addtoany.com,Male,americanexpress,374283329383756
273,Cindelyn,Attew,cattew7k@va.gov,Female,switch,6333693387193776152
274,Veronica,Unger,vunger7l@wordpress.com,Female,bankcard,5602225092371289
275,Beatrice,Lestrange,blestrange7m@kickstarter.com,Female,instapayment,6397080329734693
276,Teirtza,Bitterton,tbitterton7n@moonfruit.com,Female,laser,630447104515704786
277,Jillian,Gerardi,jgerardi7o@jigsy.com,Female,bankcard,5610565739723263
278,Korie,Ashplant,kashplant7p@devhub.com,Female,jcb,3561141587926103
279,Doralynn,Skatcher,dskatcher7q@blogtalkradio.com,Female,solo,6334177500700393658
280,Temple,Lindmark,tlindmark7r@house.gov,Male,americanexpress,370468756251501
281,Christian,Lesslie,clesslie7s@oakley.com,Female,china-unionpay,5602254620517413551
282,Abbie,Bare,abare7t@apple.com,Male,jcb,3546223476062842
283,Olenolin,Lazenbury,olazenbury7u@hugedomains.com,Male,jcb,3563420563111270
284,Lorraine,Cornau,lcornau7v@chicagotribune.com,Female,bankcard,5602248787355714
285,Meade,Virgoe,mvirgoe7w@imageshack.us,Female,jcb,3540669264934236
286,Jo-anne,MacCartney,jmaccartney7x@blogspot.com,Female,bankcard,5602214147732356
287,Bradford,Dallaghan,bdallaghan7y@blogtalkradio.com,Male,jcb,3570862301397995
288,Emmalee,Scampion,escampion7z@fotki.com,Female,visa-electron,4175002484463333
289,Bertine,Masselin,bmasselin80@facebook.com,Female,diners-club-us-ca,5480822419744672
290,Gabi,McFadin,gmcfadin81@gmpg.org,Male,diners-club-enroute,201721895388476
291,Baillie,Outlaw,boutlaw82@java.com,Male,switch,564182910064372811
292,Thatcher,Sarch,tsarch83@sfgate.com,Male,diners-club-enroute,201901448964466
293,Aundrea,Marrian,amarrian84@bizjournals.com,Female,switch,6759642263542162113
294,Sasha,Pinor,spinor85@hubpages.com,Female,switch,4911293401706386760
295,Shelbi,McLinden,smclinden86@nbcnews.com,Female,visa-electron,4917664126790853
296,Edythe,Horsefield,ehorsefield87@tamu.edu,Female,mastercard,5048377456678882
297,Berne,Oxterby,boxterby88@facebook.com,Male,jcb,3581497117018456
298,Maynord,Paye,mpaye89@sakura.ne.jp,Male,jcb,3579074825247240
299,Leonidas,Dorn,ldorn8a@mapquest.com,Male,diners-club-international,36486251694146
300,Hadria,Christophers,hchristophers8b@wunderground.com,Female,switch,4936311211019836392
301,Lezley,Harriot,lharriot8c@netlog.com,Male,maestro,6763289484773547
302,Beaufort,Littlekit,blittlekit8d@issuu.com,Male,visa-electron,4917281752485995
303,Haley,Swatman,hswatman8e@sfgate.com,Female,laser,6709586566859715
304,Morrie,Jerwood,mjerwood8f@ca.gov,Male,jcb,3569495549653474
305,Casey,Stowe,cstowe8g@wordpress.org,Female,jcb,3579997886286964
306,Marley,Rilings,mrilings8h@sphinn.com,Female,jcb,3574512434685495
307,Iggie,Holdin,iholdin8i@hp.com,Male,switch,5641828404261420
308,Tanney,O'Farris,tofarris8j@un.org,Male,maestro,67618551168301658
309,Tomasina,Lyman,tlyman8k@usatoday.com,Female,solo,6767374775321176
310,Brigitte,Thurley,bthurley8l@stanford.edu,Female,diners-club-enroute,201476256654541
311,Dale,Wildin,dwildin8m@jigsy.com,Male,jcb,3572189680475863
312,Franklin,Lagne,flagne8n@tmall.com,Male,laser,6709641739097972
313,Vania,Poppy,vpoppy8o@digg.com,Female,laser,677190709150089598
314,Giusto,Hughesdon,ghughesdon8p@amazon.com,Male,visa,4246764039488
315,Shane,Wye,swye8q@pinterest.com,Male,jcb,3554528276821034
316,Gilles,Airdrie,gairdrie8r@eventbrite.com,Male,diners-club-enroute,201908706235075
317,Issi,Canario,icanario8s@huffingtonpost.com,Female,maestro,6762671716842023325
318,Alvira,Salvadore,asalvadore8t@fc2.com,Female,diners-club-carte-blanche,30421477109740
319,Rodrique,MacEntee,rmacentee8u@sciencedirect.com,Male,americanexpress,374288548193001
320,Loria,Shyres,lshyres8v@uol.com.br,Female,jcb,3573998771472285
321,Dido,Klimaszewski,dklimaszewski8w@chron.com,Female,bankcard,5610326952550499
322,Octavius,Perot,operot8x@usda.gov,Male,jcb,3542421259080189
323,Sergent,Guage,sguage8y@answers.com,Male,diners-club-carte-blanche,30473591484038
324,Freddi,Caro,fcaro8z@163.com,Female,jcb,3563904931862847
325,Corabella,Hercules,chercules90@bing.com,Female,jcb,3534016780383449
326,Jerrie,Cleeton,jcleeton91@paginegialle.it,Male,mastercard,5100170162223233
327,Alden,Wilbore,awilbore92@weibo.com,Male,jcb,3549526686530094
328,Ceil,Dunnico,cdunnico93@gmpg.org,Female,jcb,3566610742194067
329,Tarrah,Ruzicka,truzicka94@instagram.com,Female,china-unionpay,5602257339363621
330,Elizabet,Bootell,ebootell95@amazon.com,Female,jcb,3536397538886794
331,Ulberto,Cunliffe,ucunliffe96@hibu.com,Male,bankcard,5602224229958613
332,Sherwynd,Monkleigh,smonkleigh97@comsenz.com,Male,diners-club-carte-blanche,30069423003143
333,Waylon,Tomasini,wtomasini98@edublogs.org,Male,mastercard,5334421125559637
334,Richardo,Bisson,rbisson99@marriott.com,Male,maestro,63040525902012703
335,Darrick,Karus,dkarus9a@cbc.ca,Male,diners-club-carte-blanche,30482022884393
336,Modestia,Ransfield,mransfield9b@omniture.com,Female,diners-club-enroute,201513425369914
337,Coretta,Brachell,cbrachell9c@whitehouse.gov,Female,jcb,3548170674621648
338,Edan,Maty,ematy9d@theglobeandmail.com,Male,jcb,3583501111591083
339,Laetitia,Sussex,lsussex9e@feedburner.com,Female,solo,6767709078193444
340,Rollo,Shepton,rshepton9f@ebay.com,Male,laser,67712953761303237
341,Cozmo,Loader,cloader9g@deviantart.com,Male,instapayment,6397759522901593
342,Buiron,Blackater,bblackater9h@dot.gov,Male,diners-club-carte-blanche,30019618015261
343,Ximenez,Aspden,xaspden9i@examiner.com,Male,jcb,3537058067895346
344,Calhoun,Butterly,cbutterly9j@list-manage.com,Male,jcb,3565075599522763
345,Ines,Forten,iforten9k@unblog.fr,Female,diners-club-enroute,201563957061033
346,Karola,Assinder,kassinder9l@ca.gov,Female,jcb,3580604703584400
347,Thomas,Pranger,tpranger9m@nba.com,Male,jcb,3533046922988301
348,Regan,Brine,rbrine9n@addtoany.com,Male,jcb,3573760565361847
349,Derrik,Jedrzej,djedrzej9o@bizjournals.com,Male,jcb,3549957952640715
350,Lincoln,Barsham,lbarsham9p@naver.com,Male,jcb,3569265993163852
351,Isidore,Redwood,iredwood9q@drupal.org,Male,jcb,3587062238014372
352,Gena,Shyre,gshyre9r@tuttocitta.it,Female,americanexpress,374622218845567
353,Gilberta,Partlett,gpartlett9s@symantec.com,Female,jcb,3529527626818551
354,Bald,La Batie,blabatie9t@wisc.edu,Male,jcb,3566422941049096
355,Candie,Slimmon,cslimmon9u@nps.gov,Female,mastercard,5456289901861010
356,Meredeth,Mungham,mmungham9v@irs.gov,Male,diners-club-enroute,201635047778758
357,Sari,McAtamney,smcatamney9w@marketwatch.com,Female,mastercard,5135508754666500
358,Carol-jean,Caldes,ccaldes9x@hhs.gov,Female,jcb,3540757042288957
359,Greg,Eisikovitsh,geisikovitsh9y@seattletimes.com,Male,diners-club-us-ca,5509804597774124
360,Eldridge,Neising,eneising9z@com.com,Male,diners-club-carte-blanche,30182822465761
361,Talbot,Haward,thawarda0@livejournal.com,Male,jcb,3544307411001015
362,Karola,Carolan,kcarolana1@buzzfeed.com,Female,laser,6706949760300602702
363,Adrienne,Burdin,aburdina2@usnews.com,Female,visa,4041374140283
364,Jamil,Packington,jpackingtona3@sun.com,Male,jcb,3579294837632128
365,Duky,Rounsefull,drounsefulla4@engadget.com,Male,switch,4936416264229398772
366,Tadd,Bril,tbrila5@pinterest.com,Male,visa,4017954698809
367,Thedric,Kelsow,tkelsowa6@printfriendly.com,Male,jcb,3537968932711884
368,Maurits,Liles,mlilesa7@jigsy.com,Male,jcb,3582489093426133
369,Christiano,Gaymar,cgaymara8@quantcast.com,Male,jcb,3536422900892046
370,Adriane,Coode,acoodea9@howstuffworks.com,Female,jcb,3564796812114721
371,Nataniel,Matyatin,nmatyatinaa@google.pl,Male,diners-club-enroute,201406710196342
372,Reginauld,Clayill,rclayillab@oracle.com,Male,jcb,3581171880809561
373,Carri,Venning,cvenningac@mlb.com,Female,mastercard,5048376430624848
374,Margy,Slingsby,mslingsbyad@is.gd,Female,jcb,3584000553972215
375,Gavan,Halladay,ghalladayae@is.gd,Male,maestro,58930825233906661
376,Killie,Overbury,koverburyaf@nasa.gov,Male,visa-electron,4405425969853920
377,Nelle,Anney,nanneyag@umich.edu,Female,jcb,3575998110064460
378,Edgard,Mallender,emallenderah@deviantart.com,Male,maestro,50202906517595350
379,Stormi,Malia,smaliaai@lycos.com,Female,jcb,3532849368766110
380,Daffy,Mulliner,dmullineraj@ask.com,Female,visa,4657330870199667
381,Tad,Klimov,tklimovak@cloudflare.com,Male,mastercard,5007668027032792
382,Conant,Mawtus,cmawtusal@cornell.edu,Male,china-unionpay,560221663860230672
383,Corbie,Gouldstone,cgouldstoneam@diigo.com,Male,jcb,3542319294780450
384,Bengt,Tregea,btregeaan@elegantthemes.com,Male,jcb,3550245655251212
385,Lil,Jantzen,ljantzenao@admin.ch,Female,jcb,3546321857386606
386,Bondon,Ivachyov,bivachyovap@sitemeter.com,Male,jcb,3566524958084229
387,Ilyssa,Feldstern,ifeldsternaq@prnewswire.com,Female,diners-club-carte-blanche,30022644185579
388,Drusi,Domenici,ddomeniciar@umich.edu,Female,diners-club-enroute,201691324156408
389,Marielle,Plum,mplumas@github.com,Female,americanexpress,374115092961204
390,Reece,Grimwood,rgrimwoodat@php.net,Male,jcb,3539464754349167
391,Ema,Poskitt,eposkittau@marriott.com,Female,maestro,676178485943085239
392,Matthiew,Capell,mcapellav@xinhuanet.com,Male,jcb,3558904592914710
393,Phelia,Winchester,pwinchesteraw@nbcnews.com,Female,mastercard,5100172854261109
394,Vasili,Probey,vprobeyax@cocolog-nifty.com,Male,americanexpress,374283361688666
395,Killie,Maundrell,kmaundrellay@zimbio.com,Male,diners-club-carte-blanche,30025292044873
396,Ashia,Carryer,acarryeraz@alibaba.com,Female,china-unionpay,5602236087220126
397,Kessia,Dewerson,kdewersonb0@marriott.com,Female,visa-electron,4917062982763264
398,Mario,Layhe,mlayheb1@mayoclinic.com,Male,maestro,6763697261154576
399,Rochelle,Lacaze,rlacazeb2@over-blog.com,Female,jcb,3538058162147915
400,Maiga,Redemile,mredemileb3@mysql.com,Female,mastercard,5010120329359627
401,Ivor,Cabel,icabelb4@gravatar.com,Male,laser,67718744036095193
402,Lydia,Biggs,lbiggsb5@hexun.com,Female,diners-club-carte-blanche,30072893769995
403,Zackariah,Aguirre,zaguirreb6@g.co,Male,jcb,3548652665239142
404,Bella,Lesper,blesperb7@cnet.com,Female,mastercard,5010121890926711
405,Udell,Calway,ucalwayb8@weibo.com,Male,jcb,3545936104019964
406,Dyane,Wotton,dwottonb9@diigo.com,Female,jcb,3543115043044282
407,Hillel,Deeny,hdeenyba@360.cn,Male,mastercard,5100130737451016
408,Amery,Lowrie,alowriebb@comsenz.com,Male,americanexpress,374022913804367
409,Lyle,Renols,lrenolsbc@yale.edu,Male,diners-club-enroute,201807532507451
410,Glad,Aisman,gaismanbd@huffingtonpost.com,Female,mastercard,5010124739197551
411,Gerianne,Canete,gcanetebe@deliciousdays.com,Female,jcb,3551890837658955
412,Reynold,Adkins,radkinsbf@youku.com,Male,jcb,3528508028426301
413,Donny,Tapp,dtappbg@merriam-webster.com,Male,laser,67092033281867159
414,Federica,O' Mara,fomarabh@ibm.com,Female,jcb,3544990776105420
415,Trumann,Wrangle,twranglebi@pbs.org,Male,jcb,3554064099066532
416,Brig,Taggerty,btaggertybj@ow.ly,Male,jcb,3572092031379430
417,Kasey,Garthshore,kgarthshorebk@histats.com,Female,americanexpress,374288130676090
418,Babbette,Witchell,bwitchellbl@edublogs.org,Female,visa-electron,4917316156018339
419,Jo,Lynam,jlynambm@baidu.com,Male,jcb,3581526409559270
420,Carroll,Di Biasi,cdibiasibn@weebly.com,Female,diners-club-us-ca,5416178613964171
421,Alanna,Slader,asladerbo@newsvine.com,Female,jcb,3566194265099052
422,Derick,Dael,ddaelbp@pen.io,Male,visa-electron,4844153891512245
423,Minne,Pergens,mpergensbq@bbb.org,Female,diners-club-carte-blanche,30026505607043
424,Jerry,Wallbrook,jwallbrookbr@miitbeian.gov.cn,Male,jcb,3530569936036166
425,Gloriane,Styant,gstyantbs@rambler.ru,Female,jcb,3533503833871968
426,Quinta,Jocic,qjocicbt@techcrunch.com,Female,instapayment,6372464079198011
427,Cybill,Lattimer,clattimerbu@china.com.cn,Female,jcb,3585012546080237
428,Nickolaus,Bunning,nbunningbv@smugmug.com,Male,maestro,50382537165176854
429,Major,Twohig,mtwohigbw@redcross.org,Male,maestro,63047125597085016
430,Tommie,Hanbidge,thanbidgebx@msn.com,Male,jcb,3531364068321522
431,Hunter,Beamish,hbeamishby@naver.com,Male,jcb,3543435424676993
432,Nanice,Iles,nilesbz@ucoz.com,Female,jcb,3581577469159295
433,Field,Longthorn,flongthornc0@chronoengine.com,Male,maestro,6762367394803363
434,Edward,Thrift,ethriftc1@reddit.com,Male,jcb,3535230704729434
435,Brocky,Pillans,bpillansc2@reddit.com,Male,mastercard,5002350143398689
436,Alyse,Ingerith,aingerithc3@ning.com,Female,jcb,3546412207965874
437,Levey,Chesnut,lchesnutc4@upenn.edu,Male,bankcard,5602225640650606
438,Riley,Cuffley,rcuffleyc5@abc.net.au,Male,jcb,3536935844880645
439,Clevey,Blacklidge,cblacklidgec6@cafepress.com,Male,mastercard,5100147002031984
440,Haskell,Cape,hcapec7@nationalgeographic.com,Male,jcb,3567316499216041
441,Cosette,Halliberton,challibertonc8@skype.com,Female,diners-club-us-ca,5594811559330882
442,Dulcea,Vooght,dvooghtc9@uiuc.edu,Female,americanexpress,348881156675062
443,Trix,Daouse,tdaouseca@is.gd,Female,jcb,3575315138411161
444,Adelaide,Tompion,atompioncb@mail.ru,Female,maestro,50207873481439459
445,Aeriell,Kelley,akelleycc@latimes.com,Female,switch,4911946532795204
446,Cesar,Vogt,cvogtcd@umich.edu,Male,jcb,3533557104710743
447,Melisandra,Bedward,mbedwardce@army.mil,Female,jcb,3586319193991460
448,Briano,Shewsmith,bshewsmithcf@myspace.com,Male,mastercard,5100134670908461
449,Zeb,Ambrogioli,zambrogiolicg@xing.com,Male,china-unionpay,56022483369026665
450,Amelina,Peaden,apeadench@ezinearticles.com,Female,maestro,67623797878471132
451,Dosi,Rase,draseci@tuttocitta.it,Female,diners-club-international,36273209598482
452,Wilona,Fancutt,wfancuttcj@newyorker.com,Female,diners-club-enroute,201938746197001
453,Ingemar,Maase,imaaseck@e-recht24.de,Male,laser,67715737703989006
454,Andie,Hillan,ahillancl@stanford.edu,Male,china-unionpay,561047623641050591
455,Kin,Eary,kearycm@ask.com,Male,visa-electron,4026250532908186
456,Sterne,Shergold,sshergoldcn@chronoengine.com,Male,jcb,3558162440701462
457,Lew,Bevis,lbevisco@creativecommons.org,Male,laser,670962495124991975
458,Idell,Fransson,ifranssoncp@newyorker.com,Female,visa-electron,4026165813799031
459,Rosco,Kaasman,rkaasmancq@gizmodo.com,Male,jcb,3570571484122027
460,Terence,Foskett,tfoskettcr@shareasale.com,Male,bankcard,5602239492101808
461,Vaclav,Renbold,vrenboldcs@canalblog.com,Male,switch,490523171154359137
462,Garald,Canete,gcanetect@pen.io,Male,jcb,3582506946947559
463,Nelson,Phuprate,nphupratecu@fda.gov,Male,diners-club-carte-blanche,30255364032650
464,Jaquenette,Lambotin,jlambotincv@sina.com.cn,Female,switch,490315034634942876
465,Chris,Kiebes,ckiebescw@shop-pro.jp,Female,maestro,50386695703975785
466,Elspeth,Brian,ebriancx@shutterfly.com,Female,switch,6759512925861704
467,Paulette,Yannikov,pyannikovcy@bloomberg.com,Female,mastercard,5002358894635035
468,Happy,Buckel,hbuckelcz@indiegogo.com,Female,mastercard,5002355333469364
469,Irving,Haseley,ihaseleyd0@bbc.co.uk,Male,china-unionpay,5602226844389911535
470,Artur,Tredget,atredgetd1@flickr.com,Male,maestro,0604181106997135384
471,Gui,Darwent,gdarwentd2@seattletimes.com,Female,mastercard,5135807076630602
472,Lani,Cashley,lcashleyd3@nih.gov,Female,jcb,3553158386171921
473,Cacilie,Pidgeon,cpidgeond4@ft.com,Female,jcb,3581580686366610
474,Karoly,Gravet,kgravetd5@seattletimes.com,Female,jcb,3569993057639026
475,Trev,Bayfield,tbayfieldd6@dagondesign.com,Male,jcb,3530994099036490
476,Jesus,Oswell,joswelld7@timesonline.co.uk,Male,bankcard,5602216101916933
477,Felisha,Balkwill,fbalkwilld8@google.com.au,Female,jcb,3577888234735616
478,Hanni,Gilluley,hgilluleyd9@yelp.com,Female,diners-club-us-ca,5462398766454779
479,Lock,Dare,ldareda@rediff.com,Male,switch,6333922844621442834
480,Abigael,Latliff,alatliffdb@webs.com,Female,jcb,3571870479654674
481,Chip,Bosman,cbosmandc@github.io,Male,jcb,3576219789646670
482,Stafford,Skelhorn,sskelhorndd@de.vu,Male,americanexpress,377136101979406
483,Fredia,Linfitt,flinfittde@last.fm,Female,americanexpress,374288009515692
484,Jakob,Jeness,jjenessdf@mozilla.org,Male,switch,633390124587493812
485,Malinde,Giampietro,mgiampietrodg@wordpress.org,Female,solo,676724543744375933
486,Faunie,Spada,fspadadh@dyndns.org,Female,jcb,3576400124204298
487,Charleen,Easterling,ceasterlingdi@cdc.gov,Female,switch,4903895828442052802
488,Willem,Hatter,whatterdj@goodreads.com,Male,jcb,3563837934388420
489,Row,Pauley,rpauleydk@china.com.cn,Female,jcb,3556219460011420
490,Daron,Skerrett,dskerrettdl@bluehost.com,Male,americanexpress,341682953439208
491,Axe,Faucett,afaucettdm@mlb.com,Male,instapayment,6382089517676225
492,Chanda,Giral,cgiraldn@redcross.org,Female,jcb,3537025606692583
493,Brigida,Kmiec,bkmiecdo@newsvine.com,Female,jcb,3535816878531844
494,Morrie,Puttrell,mputtrelldp@constantcontact.com,Male,jcb,3552774758076331
495,Lanna,Bricksey,lbrickseydq@phoca.cz,Female,mastercard,5002356645768493
496,Mair,Marshall,mmarshalldr@jugem.jp,Female,switch,6333437623601274
497,Gerri,Freeborn,gfreebornds@weebly.com,Female,jcb,3566668110360181
498,Linus,Stout,lstoutdt@mozilla.org,Male,mastercard,5100133139810185
499,Reena,Breach,rbreachdu@army.mil,Female,bankcard,5602220843449815
500,Annmarie,Delepine,adelepinedv@t.co,Female,diners-club-enroute,201931066070700
501,Sly,Cathee,scatheedw@nhs.uk,Male,jcb,3564292679017561
502,Rockie,Vogt,rvogtdx@java.com,Male,maestro,6304075430387847
503,Jenda,Oxbury,joxburydy@usda.gov,Female,china-unionpay,560224626814388323
504,Catlin,MacTavish,cmactavishdz@elegantthemes.com,Female,americanexpress,375722661695177
505,Thorsten,Whittet,twhittete0@sbwire.com,Male,mastercard,5100146717228067
506,Stevena,Chappelow,schappelowe1@mtv.com,Female,instapayment,6371908846428631
507,Sibel,Balsellie,sbalselliee2@mozilla.org,Female,diners-club-carte-blanche,30385649541363
508,Ephrayim,Scrigmour,escrigmoure3@cdc.gov,Male,jcb,3548381912078299
509,Bartholemy,O'Hallihane,bohallihanee4@weebly.com,Male,jcb,3558755358822418
510,Iolanthe,Janas,ijanase5@instagram.com,Female,jcb,3562441627053077
511,Marne,Posthill,mposthille6@cargocollective.com,Female,visa-electron,4917958026861636
512,Yorgos,Jindracek,yjindraceke7@trellian.com,Male,mastercard,5007660625584688
513,Dael,Eisak,deisake8@wordpress.com,Male,bankcard,5602214388022343
514,Nadean,Elwell,nelwelle9@parallels.com,Female,jcb,3564998190158722
515,Wyatt,Kerwick,wkerwickea@shinystat.com,Male,americanexpress,374288536021610
516,Alasdair,Commuzzo,acommuzzoeb@walmart.com,Male,jcb,3544147424154025
517,Lombard,Misken,lmiskenec@skyrock.com,Male,solo,633400910617502368
518,Lucian,Scheu,lscheued@upenn.edu,Male,jcb,3574505239665878
519,Clo,Giddons,cgiddonsee@stumbleupon.com,Female,diners-club-us-ca,5462235422747453
520,Cristal,Spirritt,cspirrittef@myspace.com,Female,visa-electron,4913161303653297
521,Teresita,Waltho,twalthoeg@dyndns.org,Female,jcb,3577259807731731
522,Adele,Meale,amealeeh@tinypic.com,Female,mastercard,5321710455635941
523,Lissi,Kilbey,lkilbeyei@miibeian.gov.cn,Female,jcb,3578833825316466
524,Demetria,Ellingford,dellingfordej@tripadvisor.com,Female,mastercard,5509914510670380
525,Catarina,Clemson,cclemsonek@dyndns.org,Female,jcb,3578342866462874
526,Junina,Ablitt,jablittel@blogger.com,Female,visa,4041376057436
527,Garrick,Leal,glealem@usa.gov,Male,jcb,3578553967892468
528,Douglas,Thackston,dthackstonen@un.org,Male,americanexpress,337941708218630
529,Leonid,Smolan,lsmolaneo@irs.gov,Male,diners-club-enroute,201692958425432
530,Madelina,Radwell,mradwellep@livejournal.com,Female,visa-electron,4175004758789658
531,Trenna,Mandrier,tmandriereq@altervista.org,Female,solo,6767510704644760645
532,Amble,Brewitt,abrewitter@tmall.com,Male,jcb,3535106224599764
533,Irvine,Marns,imarnses@ovh.net,Male,diners-club-carte-blanche,30380274664531
534,Bernete,Aiskovitch,baiskovitchet@blogtalkradio.com,Female,mastercard,5048373659255149
535,Danyette,Votier,dvotiereu@businessweek.com,Female,visa,4220252569660
536,Brooke,Ace,baceev@taobao.com,Male,china-unionpay,560223650300748494
537,Wynnie,Chisholme,wchisholmeew@moonfruit.com,Female,jcb,3539500621818197
538,Orv,Poulsom,opoulsomex@nydailynews.com,Male,jcb,3556309379768697
539,Bron,Muehle,bmuehleey@php.net,Male,jcb,3576292119553833
540,Conroy,Astling,castlingez@t.co,Male,mastercard,5468858595652731
541,Rivkah,Granleese,rgranleesef0@chicagotribune.com,Female,diners-club-carte-blanche,30024968440853
542,Emmanuel,Franzoli,efranzolif1@state.gov,Male,maestro,63041605016865912
543,Ezequiel,Dracksford,edracksfordf2@prweb.com,Male,china-unionpay,56022403469905766
544,Prinz,Seel,pseelf3@gravatar.com,Male,mastercard,5100178094948439
545,Zak,Greenhouse,zgreenhousef4@ebay.com,Male,diners-club-carte-blanche,30016750688418
546,Holli,Blogg,hbloggf5@wufoo.com,Female,switch,4936750081414411879
547,Iseabal,Engel,iengelf6@apple.com,Female,jcb,3561274725670612
548,Blair,Cattini,bcattinif7@taobao.com,Male,jcb,3566903318949190
549,Georgie,McInnerny,gmcinnernyf8@whitehouse.gov,Female,jcb,3585922861046383
550,Marshall,Benoist,mbenoistf9@rakuten.co.jp,Male,jcb,3585008239319726
551,Bartholomew,Dykins,bdykinsfa@shinystat.com,Male,jcb,3579382946946115
552,Lenna,Rishworth,lrishworthfb@flickr.com,Female,jcb,3528859056031376
553,Dinah,Sullivan,dsullivanfc@miitbeian.gov.cn,Female,bankcard,5602232937316586
554,Johny,Wannop,jwannopfd@walmart.com,Male,jcb,3534616478978226
555,Katey,Quail,kquailfe@answers.com,Female,switch,6333790726476360
556,Gardy,Blumer,gblumerff@storify.com,Male,maestro,50380162333592981
557,Dalila,Lowfill,dlowfillfg@wufoo.com,Female,jcb,3581376539632773
558,Marvin,Brownhill,mbrownhillfh@fotki.com,Male,diners-club-carte-blanche,30353789458145
559,Welby,Mendonca,wmendoncafi@flavors.me,Male,jcb,3548979352392136
560,Evelyn,Norgate,enorgatefj@shareasale.com,Male,maestro,676166008439313800
561,Cassondra,Stobie,cstobiefk@ifeng.com,Female,visa-electron,4913239231117591
562,Bail,Finley,bfinleyfl@huffingtonpost.com,Male,switch,4903177169370793789
563,Hadlee,Saiens,hsaiensfm@typepad.com,Male,jcb,3578508335870281
564,Ferrel,Agney,fagneyfn@state.tx.us,Male,diners-club-enroute,201888734849164
565,Yelena,Denley,ydenleyfo@constantcontact.com,Female,jcb,3539094395684530
566,Kalvin,Ollington,kollingtonfp@ft.com,Male,jcb,3552587164510333
567,Audre,Sumpter,asumpterfq@clickbank.net,Female,jcb,3557880703917332
568,Dean,Lacknor,dlacknorfr@salon.com,Male,jcb,3569090599717517
569,Gibb,Sheeran,gsheeranfs@storify.com,Male,switch,491180783807027614
570,Rosalind,Spratling,rspratlingft@rediff.com,Female,maestro,503807966588066928
571,Pegeen,Kimm,pkimmfu@youtu.be,Female,jcb,3540286551097229
572,Raleigh,Howford,rhowfordfv@google.nl,Male,jcb,3558593908692969
573,Reyna,McGowran,rmcgowranfw@aboutads.info,Female,maestro,501876503373917229
574,Janna,Illing,jillingfx@canalblog.com,Female,jcb,3529317136633298
575,Brade,Maloney,bmaloneyfy@aboutads.info,Male,mastercard,5110758045779237
576,Daffie,Michieli,dmichielifz@privacy.gov.au,Female,jcb,3572717154066576
577,Krystal,Gaine,kgaineg0@ucsd.edu,Female,visa-electron,4026160919221436
578,Simmonds,Cluet,scluetg1@auda.org.au,Male,jcb,3555243771805651
579,Gael,Birchenhead,gbirchenheadg2@patch.com,Male,jcb,3566953511146482
580,Cayla,Santora,csantorag3@deliciousdays.com,Female,americanexpress,374622596296532
581,Stacee,Cockle,scockleg4@webs.com,Male,jcb,3544352125592230
582,Raddy,Burtt,rburttg5@walmart.com,Male,jcb,3528536540669660
583,Bondie,Loraine,bloraineg6@netlog.com,Male,diners-club-us-ca,5448469873641365
584,Koral,Canham,kcanhamg7@google.ca,Female,americanexpress,374283132061441
585,Geri,Heales,ghealesg8@businessweek.com,Male,china-unionpay,56022243330168651
586,Lucia,Ducham,lduchamg9@princeton.edu,Female,jcb,3557504421902018
587,Krystle,Dunton,kduntonga@yale.edu,Female,jcb,3545364574556011
588,Mady,Stivani,mstivanigb@time.com,Female,jcb,3582450104878688
589,Sacha,Kibbee,skibbeegc@webnode.com,Female,jcb,3575855208895207
590,Ahmad,Libbe,alibbegd@un.org,Male,china-unionpay,56022195789057993
591,Oberon,Cornil,ocornilge@cafepress.com,Male,jcb,3588967800901393
592,Dirk,Edgeller,dedgellergf@bluehost.com,Male,jcb,3545327162436391
593,Babbette,Gleadhall,bgleadhallgg@ucoz.com,Female,jcb,3535735288528168
594,Allys,Matfield,amatfieldgh@skype.com,Female,switch,633351069898644180
595,Kerk,Hindenburg,khindenburggi@army.mil,Male,visa-electron,4844449282440156
596,Lay,Haxley,lhaxleygj@cargocollective.com,Male,mastercard,5007663161231987
597,Lenee,Ioannidis,lioannidisgk@posterous.com,Female,jcb,3537862752409671
598,Barny,Skoof,bskoofgl@abc.net.au,Male,visa-electron,4026262800569780
599,Pieter,Prettyjohn,pprettyjohngm@ucoz.ru,Male,jcb,3548180256721476
600,Rebekah,Ableson,rablesongn@cnet.com,Female,diners-club-enroute,201463197979617
601,Nat,Tattersill,ntattersillgo@springer.com,Male,jcb,3553299798113075
602,Franny,Carlone,fcarlonegp@dropbox.com,Female,jcb,3587690928662389
603,Giorgia,Kimm,gkimmgq@usa.gov,Female,maestro,06048989038693078
604,Denyse,Grzegorecki,dgrzegoreckigr@people.com.cn,Female,jcb,3560413697478866
605,Caryn,Sybe,csybegs@scientificamerican.com,Female,diners-club-carte-blanche,30231638959846
606,Dal,Goalley,dgoalleygt@joomla.org,Male,americanexpress,347930162968721
607,Nancee,Tremayne,ntremaynegu@umich.edu,Female,maestro,6763460048217829885
608,Clerc,Blurton,cblurtongv@pagesperso-orange.fr,Male,jcb,3536472762593257
609,Clayborne,Milbank,cmilbankgw@miibeian.gov.cn,Male,mastercard,5010124309421514
610,Faustina,Searles,fsearlesgx@sbwire.com,Female,diners-club-carte-blanche,30294970001155
611,Jenna,Meriot,jmeriotgy@cargocollective.com,Female,americanexpress,337941971553507
612,Fara,Warricker,fwarrickergz@bluehost.com,Female,americanexpress,375101822342781
613,Staci,Hawkin,shawkinh0@usatoday.com,Female,jcb,3541761779597753
614,Milt,Lewton,mlewtonh1@tuttocitta.it,Male,jcb,3586358647656782
615,Larine,Legate,llegateh2@wiley.com,Female,jcb,3585091285259723
616,Tiffi,Heggadon,theggadonh3@booking.com,Female,jcb,3583571729429406
617,Basile,MacClinton,bmacclintonh4@ow.ly,Male,visa,4041591790616909
618,Malinde,Kulis,mkulish5@webmd.com,Female,visa,4017951801127546
619,Crin,Worsalls,cworsallsh6@furl.net,Female,switch,5641824537289156
620,Bail,MacFie,bmacfieh7@bandcamp.com,Male,jcb,3585080095721592
621,Franciskus,Goshawke,fgoshawkeh8@yelp.com,Male,diners-club-carte-blanche,30456218128906
622,Dwight,Kuhlmey,dkuhlmeyh9@upenn.edu,Male,china-unionpay,560224448780852194
623,Skippy,Hallad,shalladha@phpbb.com,Male,diners-club-carte-blanche,30585719767711
624,Leighton,Toppin,ltoppinhb@mediafire.com,Male,jcb,3533164441288986
625,Aubrey,Joska,ajoskahc@usatoday.com,Male,jcb,3563527874359560
626,Pandora,Lambregts,plambregtshd@joomla.org,Female,jcb,3582630179201888
627,Ferrel,Boick,fboickhe@army.mil,Male,jcb,3531454404169519
628,Shannon,Itzhayek,sitzhayekhf@cornell.edu,Male,jcb,3581863063778379
629,Rudy,Verrell,rverrellhg@printfriendly.com,Male,jcb,3563771795958007
630,Verena,Harrismith,vharrismithhh@histats.com,Female,instapayment,6393213211630398
631,Laurent,Zavattieri,lzavattierihi@wikimedia.org,Male,visa,4041591664774529
632,Gilbert,Dilger,gdilgerhj@yelp.com,Male,visa-electron,4175008208737282
633,Emmit,Rodrigues,erodrigueshk@dedecms.com,Male,switch,4911445108338614
634,Winifred,Hairyes,whairyeshl@surveymonkey.com,Female,jcb,3572157868808130
635,Alex,Richemond,arichemondhm@ca.gov,Male,jcb,3577265201839418
636,Bentlee,Giblin,bgiblinhn@telegraph.co.uk,Male,mastercard,5007664137915174
637,Wolfie,Tanzig,wtanzigho@chronoengine.com,Male,mastercard,5108753600356210
638,Ora,Vallis,ovallishp@aol.com,Female,diners-club-carte-blanche,30237272045412
639,Carolee,Paddeley,cpaddeleyhq@unc.edu,Female,jcb,3580605108564095
640,Jonah,Garrie,jgarriehr@pinterest.com,Male,jcb,3535484495388518
641,Carney,Horrell,chorrellhs@alexa.com,Male,laser,6709097202773644725
642,Adel,Domerq,adomerqht@nbcnews.com,Female,jcb,3536813024031430
643,Kenton,Bagott,kbagotthu@springer.com,Male,americanexpress,374622074544288
644,Boycey,Edie,bediehv@dropbox.com,Male,maestro,503888657496579951
645,Thedrick,Becerro,tbecerrohw@oakley.com,Male,maestro,5018298034685817
646,Si,Walczynski,swalczynskihx@sogou.com,Male,jcb,3549226636013065
647,Abba,Dessant,adessanthy@jugem.jp,Male,switch,4905592061699207
648,Jemmy,Isaac,jisaachz@diigo.com,Female,laser,670649568942034805
649,Maryjo,Hazelhurst,mhazelhursti0@rambler.ru,Female,jcb,3580475867006930
650,Hilarius,Climer,hclimeri1@parallels.com,Male,bankcard,5602244712419667
651,Norma,Gatch,ngatchi2@bigcartel.com,Female,jcb,3576283036841427
652,Bridget,Crinkley,bcrinkleyi3@cornell.edu,Female,jcb,3552483811370414
653,Jsandye,Gorwood,jgorwoodi4@1688.com,Female,jcb,3566542920923167
654,Greggory,Patkin,gpatkini5@google.es,Male,bankcard,5602250479780043
655,Else,Kasper,ekasperi6@chicagotribune.com,Female,jcb,3564301461321139
656,Hilton,Beals,hbealsi7@desdev.cn,Male,jcb,3533091096666879
657,Man,Coggins,mcogginsi8@webeden.co.uk,Male,mastercard,5599360988077495
658,Tobit,Penley,tpenleyi9@accuweather.com,Male,jcb,3583916459192379
659,Emmalyn,Desborough,edesboroughia@csmonitor.com,Female,jcb,3532725973971529
660,Tresa,Martugin,tmartuginib@berkeley.edu,Female,jcb,3557734783460145
661,Zachariah,Worgan,zworganic@tripod.com,Male,maestro,67639319698453794
662,Austine,Bassick,abassickid@google.cn,Female,mastercard,5329012368000442
663,Ned,Acum,nacumie@google.fr,Male,jcb,3541898513739794
664,Diannne,Dyka,ddykaif@addthis.com,Female,jcb,3551862890065121
665,Ceciley,Maltman,cmaltmanig@apple.com,Female,visa-electron,4917541618051475
666,Randy,Lemmer,rlemmerih@cdbaby.com,Male,jcb,3552355329504710
667,El,Mauvin,emauvinii@virginia.edu,Male,laser,67711072578295584
668,Broderick,Threlfall,bthrelfallij@skype.com,Male,jcb,3531717473322551
669,Hendrik,Jurgensen,hjurgensenik@mail.ru,Male,china-unionpay,56022252146162022
670,Seana,Bricket,sbricketil@patch.com,Female,switch,490547797835768304
671,Jessalyn,Comrie,jcomrieim@odnoklassniki.ru,Female,visa-electron,4026265383817575
672,Jeramey,Thorndale,jthorndalein@uol.com.br,Male,diners-club-us-ca,5577689237598992
673,Margot,Blagdon,mblagdonio@disqus.com,Female,mastercard,5048377029841280
674,Mychal,MacCurley,mmaccurleyip@howstuffworks.com,Male,americanexpress,341103061605754
675,Virgil,Gipp,vgippiq@miibeian.gov.cn,Male,laser,6706086200620559129
676,Ellie,Devenish,edevenishir@netlog.com,Female,jcb,3573706751645642
677,Avram,Ackhurst,aackhurstis@ehow.com,Male,jcb,3560159956386601
678,Aland,De Michele,ademicheleit@behance.net,Male,jcb,3588198363157443
679,Dennison,Gravenall,dgravenalliu@i2i.jp,Male,china-unionpay,560223909329677856
680,Codie,Largent,clargentiv@homestead.com,Male,mastercard,5173129490024061
681,Cobb,Pren,cpreniw@yellowpages.com,Male,jcb,3566497314933191
682,Saba,Ruilton,sruiltonix@guardian.co.uk,Female,visa-electron,4175009261515052
683,Ines,Bougen,ibougeniy@cnet.com,Female,jcb,3530067758914990
684,Fletch,Solley,fsolleyiz@boston.com,Male,visa-electron,4508446703189690
685,Saleem,Parkhouse,sparkhousej0@vkontakte.ru,Male,visa-electron,4913430352154436
686,Ophelia,Sutton,osuttonj1@multiply.com,Female,diners-club-enroute,201416281972161
687,Wilek,Rideout,wrideoutj2@upenn.edu,Male,jcb,3564912208821205
688,Lorie,McCook,lmccookj3@delicious.com,Female,jcb,3551304629802110
689,Dayna,Macguire,dmacguirej4@ycombinator.com,Female,jcb,3541764762173152
690,Lottie,Keston,lkestonj5@tamu.edu,Female,jcb,3535468117364395
691,Whitby,Broker,wbrokerj6@angelfire.com,Male,jcb,3566917887293863
692,Ferdy,Fishley,ffishleyj7@xinhuanet.com,Male,china-unionpay,56022504314265387
693,Raleigh,Scotchford,rscotchfordj8@zdnet.com,Male,instapayment,6394412973703455
694,Peta,Wolfers,pwolfersj9@bloomberg.com,Female,jcb,3582216365461161
695,Townsend,St. Leger,tstlegerja@fda.gov,Male,laser,670920839368554620
696,Weber,Bremner,wbremnerjb@shinystat.com,Male,mastercard,5493779036927194
697,Teodora,Peppard,tpeppardjc@linkedin.com,Female,jcb,3555918548831474
698,Emeline,Robroe,erobroejd@free.fr,Female,china-unionpay,56022329821590725
699,Tiphany,Ginnelly,tginnellyje@vinaora.com,Female,americanexpress,372301809328539
700,Eleanor,Bretherick,ebretherickjf@hibu.com,Female,instapayment,6375880598222189
701,Gannie,Boyfield,gboyfieldjg@odnoklassniki.ru,Male,switch,4911122636423446
702,Edgar,Lathee,elatheejh@a8.net,Male,instapayment,6389625425802453
703,Arnaldo,Gwyther,agwytherji@harvard.edu,Male,visa,4041373432480543
704,Sean,Osinin,sosininjj@blogger.com,Male,jcb,3585988136681197
705,Adorne,McMenamin,amcmenaminjk@pbs.org,Female,jcb,3566476943434060
706,Larissa,McGrann,lmcgrannjl@chicagotribune.com,Female,maestro,0604536523654974149
707,Sella,Tenney,stenneyjm@constantcontact.com,Female,jcb,3544377000460617
708,Josi,Buncom,jbuncomjn@dot.gov,Female,jcb,3543934095815443
709,Augustin,Anney,aanneyjo@mapquest.com,Male,jcb,3550247779952022
710,Lianna,Baggett,lbaggettjp@arizona.edu,Female,jcb,3553484028230598
711,Erek,Degg,edeggjq@harvard.edu,Male,jcb,3577291977927799
712,Francoise,Jobke,fjobkejr@google.ca,Female,mastercard,5427549025478694
713,Sara-ann,Brett,sbrettjs@wordpress.org,Female,jcb,3572814587573490
714,Abbe,Killingsworth,akillingsworthjt@mlb.com,Male,diners-club-enroute,201992345717883
715,Trix,Hiley,thileyju@springer.com,Female,switch,4903697838515313
716,Kimble,Strevens,kstrevensjv@ask.com,Male,jcb,3544701154303325
717,Susie,Leeb,sleebjw@newsvine.com,Female,jcb,3589784327674158
718,Helen,Midner,hmidnerjx@com.com,Female,jcb,3547378882283710
719,Grannie,Ornelas,gornelasjy@trellian.com,Male,jcb,3581173899590430
720,Truda,Corry,tcorryjz@timesonline.co.uk,Female,diners-club-enroute,201515909588950
721,Logan,Sherel,lsherelk0@soup.io,Male,diners-club-enroute,201697990101958
722,Steward,Deex,sdeexk1@auda.org.au,Male,jcb,3534027711684128
723,Wadsworth,Sparway,wsparwayk2@youtu.be,Male,jcb,3533804870142697
724,Tillie,Christoffersen,tchristoffersenk3@live.com,Female,jcb,3582058799386782
725,Nealon,Yaknov,nyaknovk4@berkeley.edu,Male,jcb,3582511758185132
726,Violet,Jessen,vjessenk5@dailymotion.com,Female,mastercard,5100140065642573
727,Brien,Blennerhassett,bblennerhassettk6@technorati.com,Male,jcb,3555061872919399
728,Rosy,Jupp,rjuppk7@hhs.gov,Female,jcb,3566877118395509
729,Tirrell,Parham,tparhamk8@admin.ch,Male,jcb,3579360006013398
730,Hadleigh,Hancill,hhancillk9@tinyurl.com,Male,jcb,3547876103967144
731,Jonas,Beddows,jbeddowska@skyrock.com,Male,jcb,3567360412927854
732,Hannie,Mongain,hmongainkb@creativecommons.org,Female,laser,6706893796418970
733,Cathy,McAvinchey,cmcavincheykc@tripadvisor.com,Female,jcb,3570357111655476
734,Art,Frango,afrangokd@furl.net,Male,jcb,3578106525920485
735,Tremayne,Dureden,tduredenke@opera.com,Male,diners-club-enroute,201897421439197
736,Alie,Bignal,abignalkf@businessweek.com,Female,jcb,3580497561220666
737,Sergeant,Tapscott,stapscottkg@arstechnica.com,Male,bankcard,5602236249421059
738,Rolfe,Coxhead,rcoxheadkh@si.edu,Male,jcb,3555929030662269
739,Ase,Cholerton,acholertonki@squarespace.com,Male,jcb,3581189955942802
740,Barnie,Bartholomew,bbartholomewkj@netvibes.com,Male,jcb,3556221136739301
741,Thomasina,Rosewell,trosewellkk@blinklist.com,Female,jcb,3562566781183029
742,Jessica,Cush,jcushkl@earthlink.net,Female,bankcard,5602253928078126
743,Stanislaw,Dussy,sdussykm@weibo.com,Male,visa-electron,4405896529713525
744,Gordy,Dainton,gdaintonkn@xinhuanet.com,Male,jcb,3538105376914380
745,Reg,Kindley,rkindleyko@xinhuanet.com,Male,jcb,3533723906823635
746,Doug,Dansey,ddanseykp@miitbeian.gov.cn,Male,jcb,3581583708172271
747,Cyrus,Gildersleaves,cgildersleaveskq@symantec.com,Male,visa,4742283875307776
748,Lin,Saltmarsh,lsaltmarshkr@purevolume.com,Male,diners-club-carte-blanche,30442642262230
749,Schuyler,Loosely,slooselyks@cbslocal.com,Male,diners-club-enroute,201459034057344
750,Siobhan,Lyons,slyonskt@soup.io,Female,jcb,3535347192755190
751,Grier,Beard,gbeardku@samsung.com,Female,mastercard,5007665055240099
752,Clarette,Stuehmeyer,cstuehmeyerkv@weebly.com,Female,diners-club-carte-blanche,30037666759523
753,Corinna,Reinmar,creinmarkw@icio.us,Female,jcb,3572228381309805
754,Madelene,Enrrico,menrricokx@spotify.com,Female,china-unionpay,560221317769008834
755,Keir,Pabelik,kpabelikky@ihg.com,Male,visa,4041378641922
756,Thorpe,Sharple,tsharplekz@accuweather.com,Male,mastercard,5299667699936923
757,Augie,Lamont,alamontl0@digg.com,Male,instapayment,6383272927222843
758,Cesaro,Olanda,colandal1@imgur.com,Male,visa,4145334087185477
759,Cozmo,Eicke,ceickel2@acquirethisname.com,Male,mastercard,5539647851054756
760,Erminie,Jeynes,ejeynesl3@blogspot.com,Female,americanexpress,337941261183577
761,Ilyse,Longhi,ilonghil4@ucsd.edu,Female,mastercard,5100173789313320
762,Alessandra,Thominga,athomingal5@answers.com,Female,maestro,6304428655015892
763,Weider,Domb,wdombl6@blinklist.com,Male,jcb,3588632705819740
764,Krispin,Berrey,kberreyl7@dailymotion.com,Male,jcb,3571914540686214
765,Reine,Zanioletti,rzaniolettil8@elpais.com,Female,jcb,3549279790763363
766,Klaus,Spottswood,kspottswoodl9@ucla.edu,Male,mastercard,5108755659534241
767,Diane-marie,Hamprecht,dhamprechtla@goo.gl,Female,jcb,3551546499858388
768,Armando,Barrack,abarracklb@wufoo.com,Male,jcb,3546581149981213
769,Monah,Askaw,maskawlc@dailymail.co.uk,Female,jcb,3535178538490162
770,Alameda,Aguirre,aaguirreld@theguardian.com,Female,diners-club-carte-blanche,30322007785001
771,Sula,Fullilove,sfullilovele@youtube.com,Female,jcb,3528294414995833
772,Sarina,Grassick,sgrassicklf@smugmug.com,Female,mastercard,5467788459668088
773,Winnie,Willcox,wwillcoxlg@eventbrite.com,Male,mastercard,5350837576344485
774,Josiah,McVitty,jmcvittylh@engadget.com,Male,mastercard,5411483437451677
775,Remy,De Bernardi,rdebernardili@miibeian.gov.cn,Female,china-unionpay,5602241125740622
776,Amabelle,Growcott,agrowcottlj@google.es,Female,bankcard,5602242476374250
777,Ike,Yuryatin,iyuryatinlk@jiathis.com,Male,visa-electron,4405525464477974
778,Dinah,Tilbey,dtilbeyll@google.com.hk,Female,jcb,3576839038774757
779,Onfroi,Camidge,ocamidgelm@github.com,Male,americanexpress,374283399749498
780,Quintus,Clibbery,qclibberyln@fc2.com,Male,jcb,3531419670288046
781,Warner,Mountfort,wmountfortlo@51.la,Male,diners-club-carte-blanche,30513748369754
782,Colin,Biskupiak,cbiskupiaklp@qq.com,Male,americanexpress,374283577377310
783,Hayyim,Chasmar,hchasmarlq@google.it,Male,jcb,3549426803340826
784,Tome,Mears,tmearslr@apache.org,Male,switch,675988403665569043
785,Roddie,Rampling,rramplingls@netlog.com,Male,diners-club-enroute,201646919987658
786,Merry,O' Meara,momearalt@hhs.gov,Female,jcb,3542030517381667
787,Ninette,Stetson,nstetsonlu@shareasale.com,Female,americanexpress,374288584693534
788,Kelby,Duddy,kduddylv@virginia.edu,Male,mastercard,5323718763302185
789,Nani,Fussie,nfussielw@nifty.com,Female,bankcard,5602251842754251
790,Ingra,Fitchew,ifitchewlx@lycos.com,Male,maestro,6304809561125711
791,Christian,Cherrison,ccherrisonly@photobucket.com,Female,jcb,3547951025317783
792,Dorelle,Screech,dscreechlz@google.com.br,Female,americanexpress,374622345369820
793,Carline,Hoggin,chogginm0@unc.edu,Female,maestro,67592836886389501
794,Ranique,Impy,rimpym1@uiuc.edu,Female,visa-electron,4913409283211820
795,Colette,Beautyman,cbeautymanm2@loc.gov,Female,americanexpress,372301511196844
796,Baird,Edger,bedgerm3@loc.gov,Male,americanexpress,376402860169766
797,Torre,Byres,tbyresm4@acquirethisname.com,Male,mastercard,5482158413429665
798,Timmi,Lively,tlivelym5@biglobe.ne.jp,Female,mastercard,5100140482263599
799,Morrie,Stutt,mstuttm6@wp.com,Male,jcb,3528324406496068
800,Gordan,Sparshutt,gsparshuttm7@scientificamerican.com,Male,jcb,3559446281352397
801,Jeri,Ashlin,jashlinm8@miibeian.gov.cn,Female,jcb,3560283974485201
802,Eugen,Eastham,eeasthamm9@skype.com,Male,mastercard,5379023659264216
803,Jenni,Aiken,jaikenma@tripod.com,Female,switch,4911110045039267
804,Page,Eltone,peltonemb@gov.uk,Female,maestro,6759518950075508
805,Glyn,Limbourne,glimbournemc@alexa.com,Male,maestro,5038169347077237813
806,Genna,Abbis,gabbismd@blogtalkradio.com,Female,jcb,3567104939999289
807,Grenville,Lemin,gleminme@businesswire.com,Male,visa,4041378324636
808,Sybilla,Mayhow,smayhowmf@vistaprint.com,Female,mastercard,5048379457284884
809,Verge,Wade,vwademg@merriam-webster.com,Male,jcb,3547592263063323
810,Bab,Allot,ballotmh@liveinternet.ru,Female,jcb,3587418487041914
811,Darsie,Dolden,ddoldenmi@ovh.net,Female,mastercard,5048374957470869
812,Emmeline,Thornewill,ethornewillmj@chicagotribune.com,Female,jcb,3535750402138018
813,Honor,Kleyn,hkleynmk@ask.com,Female,diners-club-enroute,201765631243537
814,Laurel,Sivyour,lsivyourml@github.com,Female,switch,4903006946066870832
815,Fritz,Lavalle,flavallemm@google.com.hk,Male,bankcard,5602235705707035
816,Arvy,Haug,ahaugmn@comcast.net,Male,visa,4041379002579
817,Suzi,Devonshire,sdevonshiremo@addthis.com,Female,jcb,3552536150234218
818,Braden,Ollarenshaw,bollarenshawmp@hibu.com,Male,mastercard,5117460215936993
819,Prue,Durrand,pdurrandmq@webs.com,Female,jcb,3532190303246482
820,Alexina,Aiskovitch,aaiskovitchmr@hc360.com,Female,jcb,3533646870907110
821,Alvy,Vearncombe,avearncombems@domainmarket.com,Male,jcb,3549339531541450
822,Felic,Clacson,fclacsonmt@google.ru,Male,diners-club-us-ca,5541104559993964
823,Lodovico,Fassbender,lfassbendermu@smugmug.com,Male,bankcard,5602256380555887
824,Hermina,Sellwood,hsellwoodmv@livejournal.com,Female,mastercard,5100137643492331
825,Nathanial,Sparham,nsparhammw@youtu.be,Male,jcb,3578540282147637
826,Joelie,Samet,jsametmx@nyu.edu,Female,diners-club-carte-blanche,30403697260214
827,Antony,Ravens,aravensmy@dmoz.org,Male,bankcard,5602219025886786
828,Bobbye,Kinge,bkingemz@pen.io,Female,mastercard,5100143201325608
829,Wendall,Simnor,wsimnorn0@amazon.de,Male,visa-electron,4175000551746838
830,Jock,Klausewitz,jklausewitzn1@fda.gov,Male,jcb,3543147365222147
831,Heddi,Ledstone,hledstonen2@tinyurl.com,Female,mastercard,5002357138293247
832,Brigit,Yearn,byearnn3@flavors.me,Female,jcb,3572145779654875
833,Emmanuel,Saundercock,esaundercockn4@smh.com.au,Male,diners-club-carte-blanche,30244773809015
834,Nick,Rudgerd,nrudgerdn5@hao123.com,Male,jcb,3557128654498484
835,Johny,Whatford,jwhatfordn6@tiny.cc,Male,maestro,630497362140409515
836,Frank,Yegorovnin,fyegorovninn7@opera.com,Male,china-unionpay,560222989799979157
837,Cary,MacFall,cmacfalln8@yelp.com,Male,china-unionpay,560222220762284577
838,Gay,Poone,gpoonen9@sogou.com,Male,jcb,3573229632503286
839,Dorelle,Gerardeaux,dgerardeauxna@prlog.org,Female,switch,4905491225260420
840,Rodrick,Oven,rovennb@mlb.com,Male,visa-electron,4913770594301307
841,Gretta,Copnall,gcopnallnc@imgur.com,Female,mastercard,5007667279341679
842,Quincy,Trussman,qtrussmannd@biglobe.ne.jp,Male,instapayment,6386688847625921
843,Paula,Boundey,pboundeyne@scientificamerican.com,Female,jcb,3568014850434795
844,Babbie,Garoghan,bgaroghannf@rambler.ru,Female,visa-electron,4175001569458960
845,Michal,Parlott,mparlottng@naver.com,Male,jcb,3586153700834628
846,Evangelina,Esland,eeslandnh@wufoo.com,Female,bankcard,5602212659330395
847,Briggs,Thunderchief,bthunderchiefni@shinystat.com,Male,instapayment,6394384364768043
848,Ernesta,Woodcock,ewoodcocknj@yellowpages.com,Female,china-unionpay,5602238748236042038
849,Woody,Simnor,wsimnornk@homestead.com,Male,jcb,3550288312379828
850,Fidelio,Gilley,fgilleynl@ted.com,Male,jcb,3541722363813998
851,Ezri,Bras,ebrasnm@examiner.com,Male,jcb,3537904491905609
852,Lois,Offa,loffann@cmu.edu,Female,china-unionpay,5602210901506465
853,Malachi,Hollingdale,mhollingdaleno@indiegogo.com,Male,jcb,3577462332474021
854,Hasty,Dulen,hdulennp@nymag.com,Male,jcb,3569559720152968
855,Mora,Enriquez,menriqueznq@chron.com,Female,visa-electron,4508023844585654
856,Elane,Weekes,eweekesnr@seattletimes.com,Female,bankcard,5610340813769792
857,Pennie,Tessyman,ptessymanns@indiatimes.com,Male,jcb,3542760243482161
858,Erina,Sonier,esoniernt@de.vu,Female,visa,4494830699496746
859,Lowe,Dory,ldorynu@dailymail.co.uk,Male,jcb,3585153571784440
860,Batsheva,Scemp,bscempnv@ow.ly,Female,visa,4041592638894
861,Perkin,Peirce,ppeircenw@canalblog.com,Male,jcb,3534273671163378
862,Miltie,Lippiatt,mlippiattnx@over-blog.com,Male,diners-club-international,36177801996525
863,Jeromy,Tee,jteeny@ihg.com,Male,jcb,3573242246882574
864,Everard,Levis,elevisnz@blog.com,Male,mastercard,5129752724023735
865,Berkeley,Krojn,bkrojno0@domainmarket.com,Male,jcb,3570228732049763
866,Corey,Mallaby,cmallabyo1@mac.com,Male,mastercard,5166104219132445
867,Oralla,McErlaine,omcerlaineo2@cornell.edu,Female,switch,490597911019676741
868,Lanna,Ogg,loggo3@studiopress.com,Female,mastercard,5100148827711222
869,Tove,Meenehan,tmeenehano4@tripadvisor.com,Female,diners-club-enroute,201571855500523
870,Mohandas,Cashmore,mcashmoreo5@hc360.com,Male,visa,4017953760980311
871,Clemmy,Gush,cgusho6@psu.edu,Male,jcb,3534173300022054
872,Dilan,Lorenzo,dlorenzoo7@miitbeian.gov.cn,Male,jcb,3567499167753584
873,Claudius,MacLaig,cmaclaigo8@cpanel.net,Male,visa-electron,4026334464994305
874,Axel,Alexis,aalexiso9@hugedomains.com,Male,jcb,3536108439505809
875,Suzette,Whotton,swhottonoa@time.com,Female,americanexpress,337941821935813
876,Chick,Cartin,ccartinob@istockphoto.com,Male,jcb,3556369619136006
877,Michal,MacFarlan,mmacfarlanoc@who.int,Female,visa,4017951313617034
878,Bonnibelle,Toone,btooneod@bizjournals.com,Female,mastercard,5348860287302373
879,Camilla,Mewrcik,cmewrcikoe@techcrunch.com,Female,jcb,3543995931875438
880,Briny,Headan,bheadanof@bing.com,Female,bankcard,5602227688225432
881,Humfried,Stockoe,hstockoeog@quantcast.com,Male,jcb,3580627679194219
882,Hadlee,Brend,hbrendoh@omniture.com,Male,switch,6333084348117762
883,Casi,Callender,ccallenderoi@fda.gov,Female,maestro,67638207978570836
884,Birgit,Briddock,bbriddockoj@studiopress.com,Female,jcb,3547528863171348
885,Matilda,Seefus,mseefusok@zimbio.com,Female,visa,4041594157091
886,Shena,Hanshawe,shanshaweol@posterous.com,Female,bankcard,5602238904690713
887,Ragnar,Manicom,rmanicomom@hatena.ne.jp,Male,jcb,3535364627718537
888,Sarajane,Barkess,sbarkesson@sourceforge.net,Female,maestro,060453309477832381
889,Bernard,Callington,bcallingtonoo@facebook.com,Male,jcb,3547615589222677
890,Sumner,Panner,spannerop@independent.co.uk,Male,bankcard,5602250509616480
891,Ogdon,Hutsby,ohutsbyoq@studiopress.com,Male,switch,4903852629980423350
892,Denney,Cordrey,dcordreyor@arstechnica.com,Male,mastercard,5523986031401828
893,Barbabas,Hullett,bhullettos@fotki.com,Male,mastercard,5108757381174833
894,Dora,Gillcrist,dgillcristot@slashdot.org,Female,diners-club-carte-blanche,30207801117107
895,Caitrin,Hartwell,chartwellou@gravatar.com,Female,jcb,3540155107308283
896,Forrest,Buttwell,fbuttwellov@fda.gov,Male,china-unionpay,56022586946834003
897,Geneva,Edginton,gedgintonow@t-online.de,Female,jcb,3540718977487428
898,Jaclyn,Silversmid,jsilversmidox@about.com,Female,americanexpress,340832993390579
899,Paddie,Jaquin,pjaquinoy@unesco.org,Male,jcb,3541762409736837
900,Anatole,Kubacki,akubackioz@ucsd.edu,Male,mastercard,5100171343461049
901,Patti,Kobelt,pkobeltp0@odnoklassniki.ru,Female,jcb,3561320284607113
902,Agustin,Bignal,abignalp1@harvard.edu,Male,jcb,3568321213803107
903,Kerr,Francecione,kfrancecionep2@google.cn,Male,jcb,3528123198347335
904,Lion,Torregiani,ltorregianip3@t.co,Male,jcb,3544420657175318
905,Greg,Linnell,glinnellp4@businesswire.com,Male,jcb,3562268001569760
906,Gallard,Harlett,gharlettp5@nba.com,Male,china-unionpay,56022435339262747
907,Fredericka,Fines,ffinesp6@cnbc.com,Female,china-unionpay,5602234821786958277
908,Brita,Papen,bpapenp7@fotki.com,Female,jcb,3573403069314398
909,Basil,Jeffery,bjefferyp8@over-blog.com,Male,mastercard,5002357409683761
910,Port,Eskrigg,peskriggp9@mail.ru,Male,jcb,3562331898773455
911,Bax,Rosenbloom,brosenbloompa@wunderground.com,Male,jcb,3588231090475646
912,Maiga,Gadsby,mgadsbypb@behance.net,Female,maestro,58938288925533735
913,Devin,Bolf,dbolfpc@nsw.gov.au,Male,mastercard,5108750625629365
914,Lenora,Ryam,lryampd@indiatimes.com,Female,americanexpress,374283314523903
915,Scott,Chantree,schantreepe@ucla.edu,Male,visa,4017953927241
916,Barbabas,O'Brollachain,bobrollachainpf@blinklist.com,Male,jcb,3533162945901385
917,Fair,Bemlott,fbemlottpg@vk.com,Male,jcb,3544957370237537
918,Adamo,Lambswood,alambswoodph@histats.com,Male,mastercard,5169374472299457
919,Nikolai,Purdy,npurdypi@opensource.org,Male,mastercard,5204238535252471
920,Melissa,Dawkins,mdawkinspj@wix.com,Female,china-unionpay,5602233598004222
921,Leeland,Beinke,lbeinkepk@home.pl,Male,jcb,3584634491880617
922,Way,Atcheson,watchesonpl@delicious.com,Male,maestro,676365377569094392
923,Yorke,Harrod,yharrodpm@army.mil,Male,switch,490527038950237278
924,Bev,Askem,baskempn@noaa.gov,Male,jcb,3530294057123632
925,Nancy,Jovis,njovispo@gov.uk,Female,maestro,6304316518290084094
926,Emmery,Boyde,eboydepp@reuters.com,Male,jcb,3530496953146712
927,Nadine,Simonin,nsimoninpq@hostgator.com,Female,jcb,3560264381112737
928,Malvina,Stothard,mstothardpr@github.com,Female,maestro,676378915210974408
929,Debee,Glasebrook,dglasebrookps@arizona.edu,Female,instapayment,6380803201882895
930,Ardine,Pantry,apantrypt@tuttocitta.it,Female,solo,6334840315304396008
931,York,Keepence,ykeepencepu@reuters.com,Male,diners-club-carte-blanche,30168792844242
932,Kristo,Iannelli,kiannellipv@facebook.com,Male,laser,670982922705445341
933,Chrystel,Hek,chekpw@cnet.com,Female,diners-club-enroute,201936996511335
934,Abigael,Zamboniari,azamboniaripx@oaic.gov.au,Female,jcb,3534621599620822
935,Whit,Phillpot,wphillpotpy@bravesites.com,Male,laser,67094776787267864
936,Randee,Trendle,rtrendlepz@cloudflare.com,Female,visa-electron,4508727403463687
937,Granger,Anfusso,ganfussoq0@nih.gov,Male,jcb,3551724377243995
938,Lisetta,Gumbley,lgumbleyq1@guardian.co.uk,Female,jcb,3579348325841326
939,Norbie,Erickson,nericksonq2@blogspot.com,Male,jcb,3576047892028019
940,Gabey,Phorsby,gphorsbyq3@biglobe.ne.jp,Female,jcb,3561840276412347
941,Cristen,Verling,cverlingq4@slate.com,Female,mastercard,5250437035510122
942,Cyrillus,Rupert,crupertq5@newsvine.com,Male,maestro,5038332643485909
943,Ellissa,Ruger,erugerq6@nifty.com,Female,jcb,3529714290001124
944,Lynett,Cocher,lcocherq7@biblegateway.com,Female,bankcard,5602243989158115
945,Lia,Navarre,lnavarreq8@behance.net,Female,jcb,3588900069467681
946,Shell,Riccard,sriccardq9@cbsnews.com,Male,maestro,5020197863535956079
947,Edgardo,Haugeh,ehaugehqa@intel.com,Male,visa-electron,4844781361379800
948,Silvain,Pickavance,spickavanceqb@rediff.com,Male,jcb,3538903673227518
949,Anabelle,McKinie,amckinieqc@gnu.org,Female,mastercard,5100138797270390
950,Abelard,Lusted,alustedqd@ow.ly,Male,diners-club-enroute,201465056626866
951,Eddi,Kidston,ekidstonqe@cpanel.net,Female,switch,6331106330576889650
952,Shandra,Sleightholme,ssleightholmeqf@oakley.com,Female,jcb,3542124110701619
953,Odie,McNea,omcneaqg@jigsy.com,Male,jcb,3555736635450358
954,Salomone,Lukock,slukockqh@cafepress.com,Male,jcb,3547499020791131
955,Kendall,Baltzar,kbaltzarqi@1688.com,Male,jcb,3539726952055642
956,Tani,Oldershaw,toldershawqj@mapquest.com,Female,jcb,3574916911637681
957,Tadeas,Mercey,tmerceyqk@list-manage.com,Male,instapayment,6391213777148688
958,Noak,Pharrow,npharrowql@bigcartel.com,Male,diners-club-carte-blanche,30470097575319
959,Teodoor,Orwin,torwinqm@cnbc.com,Male,jcb,3578994636649998
960,Nate,Rider,nriderqn@qq.com,Male,diners-club-us-ca,5429465351090094
961,Christoph,Tolhurst,ctolhurstqo@arstechnica.com,Male,jcb,3537810503287656
962,Sadye,Dregan,sdreganqp@oakley.com,Female,jcb,3587784463657977
963,Stephan,Skerrett,sskerrettqq@utexas.edu,Male,mastercard,5357802205153908
964,Nial,Sifflett,nsifflettqr@bbc.co.uk,Male,switch,4911675246772950363
965,Markos,Gibbon,mgibbonqs@go.com,Male,diners-club-carte-blanche,30348978929062
966,Averill,Middle,amiddleqt@cafepress.com,Male,china-unionpay,5602240888070754987
967,Pietra,Eve,pevequ@biblegateway.com,Female,jcb,3585160369253256
968,Emmalyn,Hurring,ehurringqv@walmart.com,Female,visa-electron,4917067077267709
969,Rania,Haggerston,rhaggerstonqw@psu.edu,Female,visa-electron,4508877173039488
970,Bjorn,Brymham,bbrymhamqx@a8.net,Male,jcb,3532164866829828
971,Lester,Borman,lbormanqy@fda.gov,Male,jcb,3543739769334567
972,Yule,Jeskin,yjeskinqz@alibaba.com,Male,jcb,3581022536396786
973,Findley,Livesay,flivesayr0@berkeley.edu,Male,jcb,3555014795980030
974,Helen,Sargeant,hsargeantr1@spotify.com,Female,maestro,502075779124916531
975,Ernestine,Dalgety,edalgetyr2@mac.com,Female,switch,4936381484844373
976,Martino,Allpress,mallpressr3@tmall.com,Male,china-unionpay,5602224974221910
977,Joanne,Riolfi,jriolfir4@geocities.com,Female,mastercard,5347434727867907
978,Janessa,Marieton,jmarietonr5@discovery.com,Female,jcb,3564403713143640
979,Dave,Boughey,dbougheyr6@squarespace.com,Male,laser,67094129058540306
980,Penny,Smalley,psmalleyr7@yellowbook.com,Female,jcb,3533813299151023
981,Yasmeen,Gatling,ygatlingr8@chicagotribune.com,Female,jcb,3528291933562649
982,Blinny,Bartolommeo,bbartolommeor9@admin.ch,Female,china-unionpay,560225750713851360
983,Barth,Hassall,bhassallra@skyrock.com,Male,china-unionpay,560221656182038666
984,Ewen,Hillen,ehillenrb@diigo.com,Male,americanexpress,374283033736455
985,Parsifal,Scawton,pscawtonrc@hhs.gov,Male,laser,6771354433805921
986,Wald,Braitling,wbraitlingrd@nhs.uk,Male,jcb,3563038838859406
987,Kienan,Jahn,kjahnre@shinystat.com,Male,jcb,3572562454518607
988,Morton,Linsey,mlinseyrf@i2i.jp,Male,jcb,3528685433477978
989,Onfroi,Botwright,obotwrightrg@nytimes.com,Male,jcb,3534230438152490
990,Sherlocke,Burgon,sburgonrh@examiner.com,Male,jcb,3572252866039752
991,Isidro,Tingley,itingleyri@weebly.com,Male,jcb,3538494339834228
992,Yvette,Scherme,yschermerj@fema.gov,Female,china-unionpay,5602259407132088280
993,Charil,Seldon,cseldonrk@vinaora.com,Female,diners-club-international,36724976172422
994,Pattie,Rillett,prillettrl@stumbleupon.com,Female,americanexpress,372301172109268
995,Demetrius,Bartlet,dbartletrm@webmd.com,Male,jcb,3537305752024611
996,Sybil,Janney,sjanneyrn@hhs.gov,Female,instapayment,6392261533556156
997,Maurita,Bewsey,mbewseyro@dmoz.org,Female,diners-club-enroute,201766384054204
998,Jodi,Ugolotti,jugolottirp@angelfire.com,Male,bankcard,5602243918632453
999,Lewie,de la Tremoille,ldelatremoillerq@walmart.com,Male,diners-club-carte-blanche,30406837892440
1000,Ephrem,Bau,ebaurr@wikia.com,Male,instapayment,6395582746443719
