id,first_name,last_name,email,gender,credit card type,credit card number
1,Brett,Hogbourne,bhogbourne0@sakura.ne.jp,Female,americanexpress,374283959709510
2,Antonius,Hiland,ahiland1@amazon.co.jp,Male,jcb,3532717819771668
3,Ethelda,De Bischof,edebischof2@about.me,Female,switch,5641827599792769927
4,Hube,Chanders,hchanders3@github.io,Male,jcb,3533230619537387
5,Jerald,Jansky,jjansky4@histats.com,Male,jcb,3572276506050846
6,Minni,Seleway,mseleway5@nasa.gov,Female,jcb,3557268768039905
7,Abbe,Mohammad,amohammad6@oaic.gov.au,Female,diners-club-carte-blanche,30254033683415
8,Cly,Shilstone,cshilstone7@nyu.edu,Male,jcb,3574571515182566
9,Eldin,Ayerst,eayerst8@unc.edu,Male,mastercard,5010123753811154
10,Jervis,Rykert,jrykert9@blogs.com,Male,jcb,3565139904600886
11,Max,Devonald,mdevonalda@chronoengine.com,Female,americanexpress,374288276054615
12,Augusto,Gebhard,agebhardb@163.com,Male,jcb,3589438574328618
13,Luise,Genders,lgendersc@intel.com,Female,jcb,3564009660503627
14,Nike,Davidoff,ndavidoffd@usda.gov,Female,jcb,3570626274697420
15,Irita,Clowsley,iclowsleye@multiply.com,Female,maestro,6763485687174997457
16,Barny,Swinburne,bswinburnef@xrea.com,Male,maestro,6759426623326201
17,Mathilda,Loutheane,mloutheaneg@netscape.com,Female,mastercard,5117908863000926
18,Raphaela,Seggie,rseggieh@xrea.com,Female,laser,6771786709344244
19,Ofelia,Skerm,oskermi@yellowbook.com,Female,jcb,3580444047056918
20,Hallsy,Neesam,hneesamj@qq.com,Male,visa-electron,4844954514191592
21,Joachim,Rannald,jrannaldk@360.cn,Male,visa,4041370894229988
22,Clayton,Andreazzi,candreazzil@usgs.gov,Male,maestro,6304601113521168678
23,Doy,Allabarton,dallabartonm@free.fr,Male,jcb,3575557759050535
24,Farrel,Edgehill,fedgehilln@vkontakte.ru,Male,jcb,3542036170609245
25,Cindie,Riepl,crieplo@dagondesign.com,Female,jcb,3577847224805789
26,Gwenni,Rankin,grankinp@yelp.com,Female,diners-club-carte-blanche,30367713241260
27,Orelle,Walshaw,owalshawq@purevolume.com,Female,jcb,3575447134553181
28,Alberto,Flux,afluxr@sitemeter.com,Male,diners-club-us-ca,5477416313234925
29,Stormi,Marriage,smarriages@nyu.edu,Female,maestro,67621641965611428
30,Rheta,Getcliffe,rgetcliffet@mail.ru,Female,jcb,3548641069573115
31,Annamaria,Manz,amanzu@princeton.edu,Female,maestro,50385554494816719
32,Marika,Van Weedenburg,mvanweedenburgv@bbc.co.uk,Female,americanexpress,374626007338460
33,Aloysia,Orwell,aorwellw@intel.com,Female,china-unionpay,5602211008535019
34,Edyth,Jahn,ejahnx@prweb.com,Female,jcb,3559493949082453
35,Aylmar,Yankeev,ayankeevy@csmonitor.com,Male,jcb,3563648933518556
36,Dulce,Libri,dlibriz@thetimes.co.uk,Female,maestro,6762368320765286874
37,Graham,Edridge,gedridge10@canalblog.com,Male,bankcard,5602226255187868
38,Jasmin,Keenlyside,jkeenlyside11@imgur.com,Female,switch,6759635899647567
39,Dode,Maharry,dmaharry12@rediff.com,Female,switch,6331105080107809427
40,Deane,Sloat,dsloat13@omniture.com,Female,jcb,3544402096326678
41,Shaylah,Mallya,smallya14@about.me,Female,switch,4905266335616434
42,Frasquito,Wordsworth,fwordsworth15@ca.gov,Male,diners-club-enroute,201898975917554
43,Wolf,Genever,wgenever16@yolasite.com,Male,maestro,6761818208322629
44,Ethan,Oley,eoley17@engadget.com,Male,mastercard,5010122117030972
45,Gabey,Lambart,glambart18@usnews.com,Female,jcb,3562521145804661
46,Barrett,Restill,brestill19@timesonline.co.uk,Male,jcb,3538163589638429
47,Lionello,Lamminam,llamminam1a@hostgator.com,Male,china-unionpay,56022540571901884
48,Maggi,Olpin,molpin1b@nature.com,Female,solo,6334394433606267346
49,Nicolina,Durant,ndurant1c@gnu.org,Female,americanexpress,337941310074405
50,Sebastiano,Tench,stench1d@freewebs.com,Male,switch,633348762280039938
51,Danna,Jerrim,djerrim1e@nature.com,Female,jcb,3572137711303836
52,Mari,Kaesmans,mkaesmans1f@globo.com,Female,americanexpress,346519423567751
53,Jessamyn,Marsy,jmarsy1g@exblog.jp,Female,china-unionpay,560222001658471027
54,Arch,Seignior,aseignior1h@pcworld.com,Male,switch,4905757924389227
55,Marie-ann,Fist,mfist1i@army.mil,Female,bankcard,5610784421834391
56,Kerstin,Dach,kdach1j@redcross.org,Female,jcb,3533757986435894
57,Darnell,Sixsmith,dsixsmith1k@sohu.com,Male,china-unionpay,5602248776678293601
58,Misty,Leng,mleng1l@mtv.com,Female,bankcard,5602246057457590
59,Berni,Ricards,bricards1m@usa.gov,Female,jcb,3582884236596141
60,Jerrilee,McGenis,jmcgenis1n@symantec.com,Female,bankcard,5602218542065874
61,Alysia,Lightoller,alightoller1o@liveinternet.ru,Female,americanexpress,344452837540234
62,Megan,McCutcheon,mmccutcheon1p@unc.edu,Female,jcb,3551568838368341
63,Suzette,Stoodale,sstoodale1q@sciencedaily.com,Female,jcb,3561557025723358
64,Frazier,Fridlington,ffridlington1r@behance.net,Male,jcb,3552978834074539
65,Gayler,Drissell,gdrissell1s@va.gov,Male,maestro,5038339780454945
66,Martainn,Feifer,mfeifer1t@shop-pro.jp,Male,mastercard,5002359320802496
67,Allis,Greenin,agreenin1u@flickr.com,Female,bankcard,5602244971204529
68,Wesley,Treversh,wtreversh1v@reference.com,Male,bankcard,5602253037976475
69,Remus,Gamlin,rgamlin1w@nhs.uk,Male,jcb,3573062200970490
70,Craig,Danihelka,cdanihelka1x@github.io,Male,bankcard,5602242866359671
71,Nicol,Ambrogini,nambrogini1y@webs.com,Female,visa,4041379576572417
72,Nicola,Karolovsky,nkarolovsky1z@weebly.com,Male,diners-club-enroute,201451326030923
73,Dyan,Heeran,dheeran20@deliciousdays.com,Female,diners-club-enroute,201598819391251
74,Andreas,Polden,apolden21@cdbaby.com,Male,mastercard,5010123973316646
75,Rudiger,Whitmell,rwhitmell22@loc.gov,Male,china-unionpay,5602256373788764637
76,Sari,Schult,sschult23@npr.org,Female,mastercard,5100179388686172
77,Thorndike,Bowhey,tbowhey24@yahoo.com,Male,jcb,3562202418217903
78,Denney,Wilkins,dwilkins25@nps.gov,Male,jcb,3584395891091938
79,Gerek,Ilem,gilem26@is.gd,Male,jcb,3584493335683848
80,Charlot,Quartermain,cquartermain27@sourceforge.net,Female,diners-club-us-ca,5496505922326531
81,Ailey,Defraine,adefraine28@imgur.com,Female,diners-club-carte-blanche,30169138999153
82,Conrade,Stubbings,cstubbings29@acquirethisname.com,Male,mastercard,5100141664560703
83,Lexis,Dmitr,ldmitr2a@addtoany.com,Female,jcb,3536877282500212
84,Budd,Eubank,beubank2b@wufoo.com,Male,jcb,3583206045128149
85,Vinny,Delap,vdelap2c@usda.gov,Female,diners-club-enroute,201455904011767
86,Barde,Biggins,bbiggins2d@yellowbook.com,Male,bankcard,5602218372762327
87,Frederique,Rikkard,frikkard2e@pbs.org,Female,diners-club-carte-blanche,30195932052162
88,Fiann,Colthard,fcolthard2f@nature.com,Female,jcb,3555830880661288
89,Benton,Oolahan,boolahan2g@nationalgeographic.com,Male,jcb,3553487365838998
90,Bartolemo,Coite,bcoite2h@noaa.gov,Male,jcb,3552531607852688
91,Harald,Duran,hduran2i@nps.gov,Male,jcb,3573640167983927
92,Corinna,Minillo,cminillo2j@fema.gov,Female,jcb,3581871237261628
93,Ruthie,Derye-Barrett,rderyebarrett2k@tripadvisor.com,Female,diners-club-carte-blanche,30409396717222
94,Midge,Cockcroft,mcockcroft2l@trellian.com,Female,jcb,3563784946191675
95,Antons,Keogh,akeogh2m@amazon.co.uk,Male,diners-club-carte-blanche,30522883835461
96,Paxton,Headingham,pheadingham2n@guardian.co.uk,Male,switch,564182799198963888
97,Lamond,Jozefczak,ljozefczak2o@wp.com,Male,jcb,3562295994590917
98,Sukey,Ridsdole,sridsdole2p@imgur.com,Female,diners-club-enroute,201431380950505
99,Brockie,Nekrews,bnekrews2q@thetimes.co.uk,Male,maestro,6304906418192157427
100,Giulio,Thys,gthys2r@mayoclinic.com,Male,jcb,3578139234780684
101,Sutton,Tyler,styler2s@yale.edu,Male,jcb,3558869556116794
102,Trescha,Ianson,tianson2t@columbia.edu,Female,maestro,5018276576823718484
103,Vachel,Stuckley,vstuckley2u@alibaba.com,Male,diners-club-carte-blanche,30513898760240
104,Lammond,Libbie,llibbie2v@blogtalkradio.com,Male,diners-club-carte-blanche,30314168083367
105,Theo,Plumptre,tplumptre2w@skyrock.com,Female,visa,4017959081613
106,Erma,Housbie,ehousbie2x@noaa.gov,Female,jcb,3586913831279138
107,Ogdan,Breston,obreston2y@yahoo.com,Male,jcb,3586512232037309
108,Tore,Cordelle,tcordelle2z@state.tx.us,Male,diners-club-enroute,201695253990752
109,Tammi,Rainbird,trainbird30@printfriendly.com,Female,jcb,3560650314627926
110,Lorry,Gatecliff,lgatecliff31@alibaba.com,Male,solo,6334106692538688
111,Mallory,Duester,mduester32@sciencedirect.com,Female,mastercard,5100149662465379
112,Debera,Hempel,dhempel33@examiner.com,Female,switch,4905203999225939
113,Rafferty,Hubbins,rhubbins34@ning.com,Male,jcb,3582619558372915
114,Dominick,Massingberd,dmassingberd35@sciencedaily.com,Male,mastercard,5002351343338475
115,Reyna,Tooby,rtooby36@mayoclinic.com,Female,mastercard,5527495111861956
116,Mack,Bicknell,mbicknell37@trellian.com,Male,visa-electron,4844603351886026
117,Emelda,Coite,ecoite38@csmonitor.com,Female,instapayment,6388928145867348
118,Bart,Bew,bbew39@census.gov,Male,mastercard,5100176677353480
119,Selby,Marchent,smarchent3a@quantcast.com,Male,jcb,3537404798102042
120,Kylie,Aloshechkin,kaloshechkin3b@alexa.com,Male,jcb,3546083283134949
121,Joyann,McGinty,jmcginty3c@yandex.ru,Female,maestro,502050209651217482
122,Anett,Boick,aboick3d@w3.org,Female,switch,633344843991091345
123,Roxy,Joinsey,rjoinsey3e@google.pl,Female,switch,493638365190014534
124,Evyn,Woodrow,ewoodrow3f@vimeo.com,Male,visa-electron,4026613336532843
125,Aubry,Maycey,amaycey3g@umich.edu,Female,jcb,3540882924798863
126,Estelle,Blondell,eblondell3h@nps.gov,Female,bankcard,5602230281724728
127,Leshia,Wintringham,lwintringham3i@craigslist.org,Female,mastercard,5010125926501232
128,Rafaela,Lasseter,rlasseter3j@earthlink.net,Female,laser,630405421531095431
129,Ron,Airs,rairs3k@friendfeed.com,Male,visa-electron,4175001523476009
130,Madeleine,Murrill,mmurrill3l@delicious.com,Female,switch,491136410005259758
131,Marnia,Dancer,mdancer3m@ehow.com,Female,jcb,3581496327438660
132,Xylina,Gilbert,xgilbert3n@alexa.com,Female,switch,6333350260210317157
133,Garik,Brisland,gbrisland3o@blog.com,Male,bankcard,5610090147495206
134,Corie,Chastelain,cchastelain3p@sitemeter.com,Female,mastercard,5108752970188799
135,Renaud,Lansdown,rlansdown3q@wp.com,Male,jcb,3563171984739138
136,Aubrey,Gotts,agotts3r@eventbrite.com,Male,jcb,3562277192968509
137,Tadd,Winston,twinston3s@e-recht24.de,Male,jcb,3528471316973791
138,Thain,Duigenan,tduigenan3t@smugmug.com,Male,maestro,6762560391972724
139,Man,Cumpton,mcumpton3u@i2i.jp,Male,americanexpress,372301732182805
140,Garek,Kleinstern,gkleinstern3v@sitemeter.com,Male,mastercard,5010127256726009
141,Evy,Hallor,ehallor3w@seesaa.net,Female,americanexpress,374288658804611
142,Tracy,Robjents,trobjents3x@washington.edu,Female,mastercard,5100139319013839
143,Salaidh,Labbe,slabbe3y@bravesites.com,Female,visa-electron,4508143894255444
144,Trey,Riche,triche3z@csmonitor.com,Male,jcb,3558830265643072
145,Deck,Verdey,dverdey40@flickr.com,Male,diners-club-enroute,201886917323718
146,Dominic,Slimmon,dslimmon41@noaa.gov,Male,maestro,502073816532208580
147,Alverta,McArtan,amcartan42@disqus.com,Female,jcb,3553398941473848
148,Diane-marie,Stratiff,dstratiff43@is.gd,Female,jcb,3565231216752842
149,Kimbell,Izakof,kizakof44@ft.com,Male,maestro,67620130954176537
150,Adolphe,Blackman,ablackman45@booking.com,Male,diners-club-us-ca,5518184759969047
151,Moshe,Befroy,mbefroy46@sbwire.com,Male,jcb,3546584827180678
152,Coleman,Bissill,cbissill47@bbb.org,Male,jcb,3557465650724368
153,Buffy,Haselhurst,bhaselhurst48@vkontakte.ru,Female,jcb,3550519745025012
154,Worthy,Dewi,wdewi49@artisteer.com,Male,china-unionpay,560223427865823057
155,Rhoda,Mandry,rmandry4a@google.com.br,Female,jcb,3550612873107122
156,Halsey,Joannet,hjoannet4b@house.gov,Male,diners-club-carte-blanche,30454254831673
157,Maryrose,Dancy,mdancy4c@quantcast.com,Female,instapayment,6390352580184091
158,Elvin,Janicki,ejanicki4d@redcross.org,Male,diners-club-international,36809246469516
159,Deerdre,Drohane,ddrohane4e@nba.com,Female,diners-club-carte-blanche,30426592801196
160,Hersh,Switzer,hswitzer4f@furl.net,Male,visa,4041592506140267
161,Lamar,M'Barron,lmbarron4g@360.cn,Male,visa-electron,4175007470576733
162,Claudius,Arckoll,carckoll4h@oracle.com,Male,americanexpress,337941990892845
163,Aline,Pane,apane4i@live.com,Female,maestro,6763386047656348002
164,Lutero,Bicksteth,lbicksteth4j@home.pl,Male,maestro,676224363889338967
165,Mae,Hadcroft,mhadcroft4k@bloglovin.com,Female,mastercard,5010123784834662
166,Inness,Saurat,isaurat4l@issuu.com,Male,jcb,3557527410499811
167,Hector,Zaniolini,hzaniolini4m@hp.com,Male,jcb,3575660442175402
168,Joanne,Lokier,jlokier4n@arstechnica.com,Female,jcb,3544070850635962
169,Mordy,Doucette,mdoucette4o@dmoz.org,Male,diners-club-us-ca,5410523001460694
170,Tabitha,Eykel,teykel4p@github.com,Female,diners-club-enroute,201408120080538
171,Angus,Rickeard,arickeard4q@mit.edu,Male,jcb,3564613641708054
172,Gleda,Hempshall,ghempshall4r@google.ca,Female,diners-club-enroute,201541885845339
173,Hayyim,Brunotti,hbrunotti4s@etsy.com,Male,diners-club-carte-blanche,30000901042519
174,Brose,Jerger,bjerger4t@opera.com,Male,jcb,3536208798182776
175,Derick,Tallman,dtallman4u@guardian.co.uk,Male,laser,6709972830860293
176,Kimberly,Lodwick,klodwick4v@newsvine.com,Female,jcb,3552535954882784
177,Bendix,Kennermann,bkennermann4w@alexa.com,Male,jcb,3559159054440204
178,Markos,Celloni,mcelloni4x@google.cn,Male,switch,6759455095637944
179,Harley,Yeats,hyeats4y@jiathis.com,Male,diners-club-enroute,201851290726960
180,Raychel,MacKilroe,rmackilroe4z@wufoo.com,Female,jcb,3575978821121387
181,Batsheva,Niese,bniese50@free.fr,Female,jcb,3564671156071680
182,Roze,Collishaw,rcollishaw51@alibaba.com,Female,instapayment,6395915487303439
183,Garfield,Slaten,gslaten52@webmd.com,Male,laser,6771641224880015350
184,Matias,Conboy,mconboy53@webs.com,Male,mastercard,5002353577803638
185,Wally,Penswick,wpenswick54@gizmodo.com,Female,jcb,3534561232241075
186,Brian,Zapata,bzapata55@woothemes.com,Male,visa-electron,4026354467123025
187,Julita,Cassimer,jcassimer56@princeton.edu,Female,jcb,3551947926154344
188,Siegfried,McCaughren,smccaughren57@sohu.com,Male,switch,4905009424765708
189,Walther,Du Barry,wdubarry58@vistaprint.com,Male,jcb,3532592078124416
190,Barty,Knowlman,bknowlman59@icio.us,Male,jcb,3556056844232524
191,Stanly,Francioli,sfrancioli5a@slate.com,Male,switch,493612318260511178
192,Freda,Linneman,flinneman5b@creativecommons.org,Female,jcb,3588080287839530
193,Pauly,Wait,pwait5c@live.com,Male,mastercard,5048372950631586
194,Daveta,McCusker,dmccusker5d@un.org,Female,mastercard,5209489079909670
195,Beryl,Biset,bbiset5e@arstechnica.com,Female,mastercard,5100179789099116
196,Padraic,Janisson,pjanisson5f@umn.edu,Male,bankcard,5602250100060229
197,Jayne,Ranken,jranken5g@ustream.tv,Female,china-unionpay,56022461242948800
198,Davon,Morteo,dmorteo5h@bbb.org,Male,mastercard,5048372174545117
199,Irv,Grenkov,igrenkov5i@biglobe.ne.jp,Male,diners-club-enroute,201870992816754
200,Denys,Reville,dreville5j@slashdot.org,Female,visa-electron,4917250102665499
